년월,시도명,읍면동명,국적,외국인유동인구수
2018-01,제주시,건입동,중국,30589.44
2018-01,제주시,건입동,중국 외,32542.06
2018-01,제주시,구좌읍,중국,26691.16
2018-01,제주시,구좌읍,중국 외,14845.87
2018-01,서귀포시,남원읍,중국,179846.03
2018-01,서귀포시,남원읍,중국 외,22754.32
2018-01,제주시,노형동,중국,145583.19
2018-01,제주시,노형동,중국 외,31173.26
2018-01,서귀포시,대륜동,중국,22743.85
2018-01,서귀포시,대륜동,중국 외,12868.880000000001
2018-01,서귀포시,대정읍,중국,18883.03
2018-01,서귀포시,대정읍,중국 외,16457.94
2018-01,서귀포시,대천동,중국,7274.700000000001
2018-01,서귀포시,대천동,중국 외,5954.12
2018-01,제주시,도두동,중국,50804.630000000005
2018-01,제주시,도두동,중국 외,35548.16
2018-01,서귀포시,동홍동,중국,17931.52
2018-01,서귀포시,동홍동,중국 외,5704.36
2018-01,제주시,봉개동,중국,6530.77
2018-01,제주시,봉개동,중국 외,3746.7599999999998
2018-01,제주시,삼도1동,중국,6908.49
2018-01,제주시,삼도1동,중국 외,7421.83
2018-01,제주시,삼도2동,중국,54016.659999999996
2018-01,제주시,삼도2동,중국 외,37344.21
2018-01,제주시,삼양동,중국,5028.5199999999995
2018-01,제주시,삼양동,중국 외,2811.91
2018-01,서귀포시,서홍동,중국,92267.17
2018-01,서귀포시,서홍동,중국 외,11608.71
2018-01,서귀포시,성산읍,중국,62966.6
2018-01,서귀포시,성산읍,중국 외,41733.71
2018-01,서귀포시,송산동,중국,2707.45
2018-01,서귀포시,송산동,중국 외,2668.11
2018-01,제주시,아라동,중국,16798.37
2018-01,제주시,아라동,중국 외,9450.26
2018-01,서귀포시,안덕면,중국,52422.16
2018-01,서귀포시,안덕면,중국 외,35871.64
2018-01,제주시,애월읍,중국,86621.6
2018-01,제주시,애월읍,중국 외,55568.13
2018-01,제주시,연동,중국,632381.92
2018-01,제주시,연동,중국 외,105681.77
2018-01,서귀포시,영천동,중국,12804.91
2018-01,서귀포시,영천동,중국 외,3301.71
2018-01,서귀포시,예래동,중국,67946.13
2018-01,서귀포시,예래동,중국 외,25243.44
2018-01,제주시,오라동,중국,10420.41
2018-01,제주시,오라동,중국 외,10707.93
2018-01,제주시,외도동,중국,2136.55
2018-01,제주시,외도동,중국 외,27453.07
2018-01,제주시,용담1동,중국,6429.84
2018-01,제주시,용담1동,중국 외,3021.06
2018-01,제주시,용담2동,중국,320103.66
2018-01,제주시,용담2동,중국 외,188842.46
2018-01,제주시,우도면,중국,5152.53
2018-01,제주시,우도면,중국 외,1606.68
2018-01,제주시,이도1동,중국,13404.68
2018-01,제주시,이도1동,중국 외,7746.32
2018-01,제주시,이도2동,중국,18678.31
2018-01,제주시,이도2동,중국 외,17107.3
2018-01,제주시,이호동,중국,3953.05
2018-01,제주시,이호동,중국 외,33653.5
2018-01,제주시,일도1동,중국,4547.01
2018-01,제주시,일도1동,중국 외,8002.74
2018-01,제주시,일도2동,중국,6118.43
2018-01,제주시,일도2동,중국 외,6720.41
2018-01,서귀포시,정방동,중국,18539.92
2018-01,서귀포시,정방동,중국 외,11748.86
2018-01,제주시,조천읍,중국,17228.0
2018-01,제주시,조천읍,중국 외,15489.83
2018-01,서귀포시,중문동,중국,19445.27
2018-01,서귀포시,중문동,중국 외,10165.84
2018-01,서귀포시,중앙동,중국,5991.58
2018-01,서귀포시,중앙동,중국 외,5768.38
2018-01,서귀포시,천지동,중국,5576.38
2018-01,서귀포시,천지동,중국 외,8280.19
2018-01,제주시,추자면,중국,5218.84
2018-01,제주시,추자면,중국 외,2330.23
2018-01,서귀포시,표선면,중국,16290.91
2018-01,서귀포시,표선면,중국 외,24137.579999999998
2018-01,제주시,한경면,중국,9431.42
2018-01,제주시,한경면,중국 외,3188.83
2018-01,제주시,한림읍,중국,31177.65
2018-01,제주시,한림읍,중국 외,10125.76
2018-01,제주시,화북동,중국,5974.27
2018-01,제주시,화북동,중국 외,2129.12
2018-01,서귀포시,효돈동,중국,4913.2
2018-01,서귀포시,효돈동,중국 외,874.65
2018-02,제주시,건입동,중국,44147.82
2018-02,제주시,건입동,중국 외,23545.38
2018-02,제주시,구좌읍,중국,20038.84
2018-02,제주시,구좌읍,중국 외,13251.35
2018-02,서귀포시,남원읍,중국,101342.8
2018-02,서귀포시,남원읍,중국 외,17495.98
2018-02,제주시,노형동,중국,186951.02
2018-02,제주시,노형동,중국 외,30704.96
2018-02,서귀포시,대륜동,중국,26166.95
2018-02,서귀포시,대륜동,중국 외,12611.58
2018-02,서귀포시,대정읍,중국,17997.01
2018-02,서귀포시,대정읍,중국 외,7462.3
2018-02,서귀포시,대천동,중국,9953.49
2018-02,서귀포시,대천동,중국 외,2925.03
2018-02,제주시,도두동,중국,67772.6
2018-02,제주시,도두동,중국 외,18249.77
2018-02,서귀포시,동홍동,중국,37344.49
2018-02,서귀포시,동홍동,중국 외,5168.86
2018-02,제주시,봉개동,중국,10919.26
2018-02,제주시,봉개동,중국 외,2126.61
2018-02,제주시,삼도1동,중국,4793.79
2018-02,제주시,삼도1동,중국 외,5531.96
2018-02,제주시,삼도2동,중국,56334.14
2018-02,제주시,삼도2동,중국 외,22589.97
2018-02,제주시,삼양동,중국,2504.51
2018-02,제주시,삼양동,중국 외,4248.81
2018-02,서귀포시,서홍동,중국,75756.93
2018-02,서귀포시,서홍동,중국 외,7343.93
2018-02,서귀포시,성산읍,중국,67837.16
2018-02,서귀포시,성산읍,중국 외,27496.73
2018-02,서귀포시,송산동,중국,4861.0599999999995
2018-02,서귀포시,송산동,중국 외,2721.52
2018-02,제주시,아라동,중국,14185.07
2018-02,제주시,아라동,중국 외,9596.72
2018-02,서귀포시,안덕면,중국,67425.58
2018-02,서귀포시,안덕면,중국 외,19694.43
2018-02,제주시,애월읍,중국,116267.70999999999
2018-02,제주시,애월읍,중국 외,27502.15
2018-02,제주시,연동,중국,648336.28
2018-02,제주시,연동,중국 외,91703.41
2018-02,서귀포시,영천동,중국,11083.36
2018-02,서귀포시,영천동,중국 외,3914.22
2018-02,서귀포시,예래동,중국,146819.55
2018-02,서귀포시,예래동,중국 외,14195.9
2018-02,제주시,오라동,중국,8533.11
2018-02,제주시,오라동,중국 외,6730.61
2018-02,제주시,외도동,중국,2259.7
2018-02,제주시,외도동,중국 외,8669.47
2018-02,제주시,용담1동,중국,5216.17
2018-02,제주시,용담1동,중국 외,3108.27
2018-02,제주시,용담2동,중국,370781.48
2018-02,제주시,용담2동,중국 외,134611.94
2018-02,제주시,우도면,중국,9426.23
2018-02,제주시,우도면,중국 외,1095.63
2018-02,제주시,이도1동,중국,12955.699999999999
2018-02,제주시,이도1동,중국 외,7512.51
2018-02,제주시,이도2동,중국,28574.64
2018-02,제주시,이도2동,중국 외,12915.6
2018-02,제주시,이호동,중국,7446.29
2018-02,제주시,이호동,중국 외,23520.66
2018-02,제주시,일도1동,중국,7777.1900000000005
2018-02,제주시,일도1동,중국 외,4789.81
2018-02,제주시,일도2동,중국,8347.49
2018-02,제주시,일도2동,중국 외,5150.55
2018-02,서귀포시,정방동,중국,31974.96
2018-02,서귀포시,정방동,중국 외,14417.93
2018-02,제주시,조천읍,중국,22925.34
2018-02,제주시,조천읍,중국 외,12173.15
2018-02,서귀포시,중문동,중국,18726.05
2018-02,서귀포시,중문동,중국 외,4964.35
2018-02,서귀포시,중앙동,중국,6230.32
2018-02,서귀포시,중앙동,중국 외,4777.74
2018-02,서귀포시,천지동,중국,13291.98
2018-02,서귀포시,천지동,중국 외,5392.18
2018-02,제주시,추자면,중국,12899.21
2018-02,제주시,추자면,중국 외,1596.96
2018-02,서귀포시,표선면,중국,14836.11
2018-02,서귀포시,표선면,중국 외,19087.41
2018-02,제주시,한경면,중국,6364.84
2018-02,제주시,한경면,중국 외,1055.43
2018-02,제주시,한림읍,중국,41422.72
2018-02,제주시,한림읍,중국 외,9824.71
2018-02,제주시,화북동,중국,1697.5
2018-02,제주시,화북동,중국 외,1648.54
2018-02,서귀포시,효돈동,중국,2332.35
2018-02,서귀포시,효돈동,중국 외,669.14
2018-03,제주시,건입동,중국,41096.76
2018-03,제주시,건입동,중국 외,36531.07
2018-03,제주시,구좌읍,중국,49086.9
2018-03,제주시,구좌읍,중국 외,20786.37
2018-03,서귀포시,남원읍,중국,96890.34
2018-03,서귀포시,남원읍,중국 외,27311.47
2018-03,제주시,노형동,중국,235066.63
2018-03,제주시,노형동,중국 외,44393.950000000004
2018-03,서귀포시,대륜동,중국,31652.579999999998
2018-03,서귀포시,대륜동,중국 외,16931.11
2018-03,서귀포시,대정읍,중국,47439.9
2018-03,서귀포시,대정읍,중국 외,19057.63
2018-03,서귀포시,대천동,중국,20045.76
2018-03,서귀포시,대천동,중국 외,8466.46
2018-03,제주시,도두동,중국,74489.08
2018-03,제주시,도두동,중국 외,33350.69
2018-03,서귀포시,동홍동,중국,16147.15
2018-03,서귀포시,동홍동,중국 외,5719.24
2018-03,제주시,봉개동,중국,12682.55
2018-03,제주시,봉개동,중국 외,6008.07
2018-03,제주시,삼도1동,중국,7036.79
2018-03,제주시,삼도1동,중국 외,7659.95
2018-03,제주시,삼도2동,중국,61758.31
2018-03,제주시,삼도2동,중국 외,47047.71
2018-03,제주시,삼양동,중국,5794.13
2018-03,제주시,삼양동,중국 외,1295.57
2018-03,서귀포시,서홍동,중국,122166.4
2018-03,서귀포시,서홍동,중국 외,14393.86
2018-03,서귀포시,성산읍,중국,105945.07
2018-03,서귀포시,성산읍,중국 외,48831.04
2018-03,서귀포시,송산동,중국,4210.19
2018-03,서귀포시,송산동,중국 외,3973.46
2018-03,제주시,아라동,중국,36330.16
2018-03,제주시,아라동,중국 외,15334.94
2018-03,서귀포시,안덕면,중국,266678.41
2018-03,서귀포시,안덕면,중국 외,41616.34
2018-03,제주시,애월읍,중국,131517.87
2018-03,제주시,애월읍,중국 외,53764.85
2018-03,제주시,연동,중국,951313.25
2018-03,제주시,연동,중국 외,144597.32
2018-03,서귀포시,영천동,중국,6498.93
2018-03,서귀포시,영천동,중국 외,2828.75
2018-03,서귀포시,예래동,중국,83406.57
2018-03,서귀포시,예래동,중국 외,49336.83
2018-03,제주시,오라동,중국,24994.14
2018-03,제주시,오라동,중국 외,7718.58
2018-03,제주시,외도동,중국,4421.64
2018-03,제주시,외도동,중국 외,17985.13
2018-03,제주시,용담1동,중국,8019.78
2018-03,제주시,용담1동,중국 외,3315.5
2018-03,제주시,용담2동,중국,469328.34
2018-03,제주시,용담2동,중국 외,215576.16999999998
2018-03,제주시,우도면,중국,9637.09
2018-03,제주시,우도면,중국 외,2063.79
2018-03,제주시,이도1동,중국,20127.38
2018-03,제주시,이도1동,중국 외,8968.81
2018-03,제주시,이도2동,중국,48278.22
2018-03,제주시,이도2동,중국 외,20754.59
2018-03,제주시,이호동,중국,6565.7
2018-03,제주시,이호동,중국 외,51224.77
2018-03,제주시,일도1동,중국,9314.39
2018-03,제주시,일도1동,중국 외,6016.1
2018-03,제주시,일도2동,중국,13242.689999999999
2018-03,제주시,일도2동,중국 외,8861.41
2018-03,서귀포시,정방동,중국,20780.24
2018-03,서귀포시,정방동,중국 외,18450.74
2018-03,제주시,조천읍,중국,33251.33
2018-03,제주시,조천읍,중국 외,21544.81
2018-03,서귀포시,중문동,중국,39101.12
2018-03,서귀포시,중문동,중국 외,17448.23
2018-03,서귀포시,중앙동,중국,8183.01
2018-03,서귀포시,중앙동,중국 외,7956.58
2018-03,서귀포시,천지동,중국,8157.04
2018-03,서귀포시,천지동,중국 외,10937.08
2018-03,제주시,추자면,중국,12226.29
2018-03,제주시,추자면,중국 외,4651.02
2018-03,서귀포시,표선면,중국,26581.79
2018-03,서귀포시,표선면,중국 외,32330.879999999997
2018-03,제주시,한경면,중국,19975.28
2018-03,제주시,한경면,중국 외,5158.36
2018-03,제주시,한림읍,중국,66202.22
2018-03,제주시,한림읍,중국 외,14640.7
2018-03,제주시,화북동,중국,9800.33
2018-03,제주시,화북동,중국 외,2102.63
2018-03,서귀포시,효돈동,중국,1498.6100000000001
2018-03,서귀포시,효돈동,중국 외,1431.32
2018-04,제주시,건입동,중국,55340.68
2018-04,제주시,건입동,중국 외,52691.04
2018-04,제주시,구좌읍,중국,40342.45
2018-04,제주시,구좌읍,중국 외,24511.31
2018-04,서귀포시,남원읍,중국,125965.71
2018-04,서귀포시,남원읍,중국 외,21339.16
2018-04,제주시,노형동,중국,173635.42
2018-04,제주시,노형동,중국 외,63141.88
2018-04,서귀포시,대륜동,중국,31780.61
2018-04,서귀포시,대륜동,중국 외,20700.86
2018-04,서귀포시,대정읍,중국,54229.08
2018-04,서귀포시,대정읍,중국 외,20334.03
2018-04,서귀포시,대천동,중국,13254.27
2018-04,서귀포시,대천동,중국 외,12857.25
2018-04,제주시,도두동,중국,80085.18
2018-04,제주시,도두동,중국 외,47952.909999999996
2018-04,서귀포시,동홍동,중국,21552.58
2018-04,서귀포시,동홍동,중국 외,9067.82
2018-04,제주시,봉개동,중국,25241.33
2018-04,제주시,봉개동,중국 외,8394.16
2018-04,제주시,삼도1동,중국,8049.93
2018-04,제주시,삼도1동,중국 외,8854.13
2018-04,제주시,삼도2동,중국,68976.38
2018-04,제주시,삼도2동,중국 외,55561.01
2018-04,제주시,삼양동,중국,5809.1
2018-04,제주시,삼양동,중국 외,5310.68
2018-04,서귀포시,서홍동,중국,74333.8
2018-04,서귀포시,서홍동,중국 외,6153.91
2018-04,서귀포시,성산읍,중국,94782.29000000001
2018-04,서귀포시,성산읍,중국 외,68709.56999999999
2018-04,서귀포시,송산동,중국,5033.71
2018-04,서귀포시,송산동,중국 외,8647.74
2018-04,제주시,아라동,중국,22057.0
2018-04,제주시,아라동,중국 외,11183.38
2018-04,서귀포시,안덕면,중국,167065.97
2018-04,서귀포시,안덕면,중국 외,44439.71
2018-04,제주시,애월읍,중국,153585.87
2018-04,제주시,애월읍,중국 외,47366.07
2018-04,제주시,연동,중국,861602.51
2018-04,제주시,연동,중국 외,180893.65
2018-04,서귀포시,영천동,중국,7425.1
2018-04,서귀포시,영천동,중국 외,12162.21
2018-04,서귀포시,예래동,중국,119860.5
2018-04,서귀포시,예래동,중국 외,46826.520000000004
2018-04,제주시,오라동,중국,19304.24
2018-04,제주시,오라동,중국 외,14387.23
2018-04,제주시,외도동,중국,4697.44
2018-04,제주시,외도동,중국 외,31559.29
2018-04,제주시,용담1동,중국,7698.62
2018-04,제주시,용담1동,중국 외,4706.7699999999995
2018-04,제주시,용담2동,중국,454017.56
2018-04,제주시,용담2동,중국 외,258119.96
2018-04,제주시,우도면,중국,22523.72
2018-04,제주시,우도면,중국 외,2418.93
2018-04,제주시,이도1동,중국,20149.91
2018-04,제주시,이도1동,중국 외,10209.83
2018-04,제주시,이도2동,중국,34091.72
2018-04,제주시,이도2동,중국 외,28251.92
2018-04,제주시,이호동,중국,9455.16
2018-04,제주시,이호동,중국 외,37067.59
2018-04,제주시,일도1동,중국,8218.05
2018-04,제주시,일도1동,중국 외,7348.61
2018-04,제주시,일도2동,중국,12403.6
2018-04,제주시,일도2동,중국 외,6976.01
2018-04,서귀포시,정방동,중국,31554.79
2018-04,서귀포시,정방동,중국 외,23337.18
2018-04,제주시,조천읍,중국,51441.21
2018-04,제주시,조천읍,중국 외,39496.29
2018-04,서귀포시,중문동,중국,24757.03
2018-04,서귀포시,중문동,중국 외,15434.869999999999
2018-04,서귀포시,중앙동,중국,8893.04
2018-04,서귀포시,중앙동,중국 외,8469.1
2018-04,서귀포시,천지동,중국,10586.86
2018-04,서귀포시,천지동,중국 외,12263.43
2018-04,제주시,추자면,중국,28664.05
2018-04,제주시,추자면,중국 외,5319.62
2018-04,서귀포시,표선면,중국,26498.49
2018-04,서귀포시,표선면,중국 외,45347.76
2018-04,제주시,한경면,중국,16988.15
2018-04,제주시,한경면,중국 외,5276.1
2018-04,제주시,한림읍,중국,66600.05
2018-04,제주시,한림읍,중국 외,16784.62
2018-04,제주시,화북동,중국,5061.32
2018-04,제주시,화북동,중국 외,4394.54
2018-04,서귀포시,효돈동,중국,2654.84
2018-04,서귀포시,효돈동,중국 외,2698.36
2018-05,제주시,건입동,중국,59274.33
2018-05,제주시,건입동,중국 외,51065.54
2018-05,제주시,구좌읍,중국,34992.12
2018-05,제주시,구좌읍,중국 외,25095.39
2018-05,서귀포시,남원읍,중국,148298.65
2018-05,서귀포시,남원읍,중국 외,27721.5
2018-05,제주시,노형동,중국,202145.96
2018-05,제주시,노형동,중국 외,36839.46
2018-05,서귀포시,대륜동,중국,29070.45
2018-05,서귀포시,대륜동,중국 외,18812.2
2018-05,서귀포시,대정읍,중국,36418.53
2018-05,서귀포시,대정읍,중국 외,22733.56
2018-05,서귀포시,대천동,중국,12205.93
2018-05,서귀포시,대천동,중국 외,5198.56
2018-05,제주시,도두동,중국,90325.85
2018-05,제주시,도두동,중국 외,53472.2
2018-05,서귀포시,동홍동,중국,16998.99
2018-05,서귀포시,동홍동,중국 외,9586.67
2018-05,제주시,봉개동,중국,37563.94
2018-05,제주시,봉개동,중국 외,7953.41
2018-05,제주시,삼도1동,중국,10011.14
2018-05,제주시,삼도1동,중국 외,18539.26
2018-05,제주시,삼도2동,중국,94232.8
2018-05,제주시,삼도2동,중국 외,56485.21
2018-05,제주시,삼양동,중국,7921.9800000000005
2018-05,제주시,삼양동,중국 외,6240.1
2018-05,서귀포시,서홍동,중국,74810.9
2018-05,서귀포시,서홍동,중국 외,6689.23
2018-05,서귀포시,성산읍,중국,78727.44
2018-05,서귀포시,성산읍,중국 외,62672.840000000004
2018-05,서귀포시,송산동,중국,7064.7
2018-05,서귀포시,송산동,중국 외,6938.18
2018-05,제주시,아라동,중국,19906.98
2018-05,제주시,아라동,중국 외,11331.12
2018-05,서귀포시,안덕면,중국,206259.43
2018-05,서귀포시,안덕면,중국 외,38786.09
2018-05,제주시,애월읍,중국,181259.22
2018-05,제주시,애월읍,중국 외,59462.159999999996
2018-05,제주시,연동,중국,807606.48
2018-05,제주시,연동,중국 외,192394.56
2018-05,서귀포시,영천동,중국,6716.54
2018-05,서귀포시,영천동,중국 외,5764.93
2018-05,서귀포시,예래동,중국,111373.47
2018-05,서귀포시,예래동,중국 외,51197.44
2018-05,제주시,오라동,중국,15137.97
2018-05,제주시,오라동,중국 외,19992.26
2018-05,제주시,외도동,중국,4845.89
2018-05,제주시,외도동,중국 외,40321.659999999996
2018-05,제주시,용담1동,중국,6826.99
2018-05,제주시,용담1동,중국 외,5121.12
2018-05,제주시,용담2동,중국,517800.17
2018-05,제주시,용담2동,중국 외,277109.19
2018-05,제주시,우도면,중국,20677.809999999998
2018-05,제주시,우도면,중국 외,3348.79
2018-05,제주시,이도1동,중국,16393.84
2018-05,제주시,이도1동,중국 외,19931.46
2018-05,제주시,이도2동,중국,28969.59
2018-05,제주시,이도2동,중국 외,24376.8
2018-05,제주시,이호동,중국,9816.62
2018-05,제주시,이호동,중국 외,42835.99
2018-05,제주시,일도1동,중국,7463.32
2018-05,제주시,일도1동,중국 외,7955.12
2018-05,제주시,일도2동,중국,6286.6900000000005
2018-05,제주시,일도2동,중국 외,7237.09
2018-05,서귀포시,정방동,중국,22512.42
2018-05,서귀포시,정방동,중국 외,19815.5
2018-05,제주시,조천읍,중국,50658.36
2018-05,제주시,조천읍,중국 외,27763.79
2018-05,서귀포시,중문동,중국,26256.079999999998
2018-05,서귀포시,중문동,중국 외,13787.1
2018-05,서귀포시,중앙동,중국,8205.34
2018-05,서귀포시,중앙동,중국 외,7170.45
2018-05,서귀포시,천지동,중국,7720.27
2018-05,서귀포시,천지동,중국 외,14346.710000000001
2018-05,제주시,추자면,중국,61168.979999999996
2018-05,제주시,추자면,중국 외,3834.51
2018-05,서귀포시,표선면,중국,28518.15
2018-05,서귀포시,표선면,중국 외,40169.06
2018-05,제주시,한경면,중국,14326.3
2018-05,제주시,한경면,중국 외,4661.19
2018-05,제주시,한림읍,중국,73814.35
2018-05,제주시,한림읍,중국 외,16671.31
2018-05,제주시,화북동,중국,3551.57
2018-05,제주시,화북동,중국 외,8507.49
2018-05,서귀포시,효돈동,중국,1032.58
2018-05,서귀포시,효돈동,중국 외,1001.57
2018-06,제주시,건입동,중국,55310.05
2018-06,제주시,건입동,중국 외,68242.68000000001
2018-06,제주시,구좌읍,중국,29183.69
2018-06,제주시,구좌읍,중국 외,27575.79
2018-06,서귀포시,남원읍,중국,287585.4
2018-06,서귀포시,남원읍,중국 외,33814.47
2018-06,제주시,노형동,중국,173077.99
2018-06,제주시,노형동,중국 외,51245.52
2018-06,서귀포시,대륜동,중국,30103.77
2018-06,서귀포시,대륜동,중국 외,31795.25
2018-06,서귀포시,대정읍,중국,19657.05
2018-06,서귀포시,대정읍,중국 외,22897.07
2018-06,서귀포시,대천동,중국,11088.85
2018-06,서귀포시,대천동,중국 외,7710.98
2018-06,제주시,도두동,중국,81760.34
2018-06,제주시,도두동,중국 외,46016.69
2018-06,서귀포시,동홍동,중국,18238.62
2018-06,서귀포시,동홍동,중국 외,13138.47
2018-06,제주시,봉개동,중국,22610.89
2018-06,제주시,봉개동,중국 외,8707.73
2018-06,제주시,삼도1동,중국,7983.59
2018-06,제주시,삼도1동,중국 외,11728.59
2018-06,제주시,삼도2동,중국,86989.46
2018-06,제주시,삼도2동,중국 외,69832.9
2018-06,제주시,삼양동,중국,8292.2
2018-06,제주시,삼양동,중국 외,6601.57
2018-06,서귀포시,서홍동,중국,70646.57
2018-06,서귀포시,서홍동,중국 외,6834.69
2018-06,서귀포시,성산읍,중국,86199.70999999999
2018-06,서귀포시,성산읍,중국 외,71648.76
2018-06,서귀포시,송산동,중국,5551.13
2018-06,서귀포시,송산동,중국 외,10292.78
2018-06,제주시,아라동,중국,17954.92
2018-06,제주시,아라동,중국 외,18813.0
2018-06,서귀포시,안덕면,중국,113194.39
2018-06,서귀포시,안덕면,중국 외,74790.58
2018-06,제주시,애월읍,중국,251736.91
2018-06,제주시,애월읍,중국 외,68280.94
2018-06,제주시,연동,중국,720744.24
2018-06,제주시,연동,중국 외,249771.2
2018-06,서귀포시,영천동,중국,7283.93
2018-06,서귀포시,영천동,중국 외,12034.9
2018-06,서귀포시,예래동,중국,113817.37
2018-06,서귀포시,예래동,중국 외,56414.76
2018-06,제주시,오라동,중국,13663.16
2018-06,제주시,오라동,중국 외,16692.84
2018-06,제주시,외도동,중국,6300.59
2018-06,제주시,외도동,중국 외,45402.25
2018-06,제주시,용담1동,중국,4759.48
2018-06,제주시,용담1동,중국 외,5079.2
2018-06,제주시,용담2동,중국,425913.23
2018-06,제주시,용담2동,중국 외,277616.17
2018-06,제주시,우도면,중국,34372.54
2018-06,제주시,우도면,중국 외,5842.57
2018-06,제주시,이도1동,중국,11533.53
2018-06,제주시,이도1동,중국 외,18987.34
2018-06,제주시,이도2동,중국,26515.45
2018-06,제주시,이도2동,중국 외,21306.42
2018-06,제주시,이호동,중국,8664.06
2018-06,제주시,이호동,중국 외,22080.77
2018-06,제주시,일도1동,중국,6264.2
2018-06,제주시,일도1동,중국 외,6723.72
2018-06,제주시,일도2동,중국,5742.81
2018-06,제주시,일도2동,중국 외,4245.04
2018-06,서귀포시,정방동,중국,28988.16
2018-06,서귀포시,정방동,중국 외,27335.28
2018-06,제주시,조천읍,중국,44690.82
2018-06,제주시,조천읍,중국 외,37677.33
2018-06,서귀포시,중문동,중국,24150.11
2018-06,서귀포시,중문동,중국 외,22311.66
2018-06,서귀포시,중앙동,중국,6940.82
2018-06,서귀포시,중앙동,중국 외,9385.73
2018-06,서귀포시,천지동,중국,11384.03
2018-06,서귀포시,천지동,중국 외,18121.73
2018-06,제주시,추자면,중국,67338.14
2018-06,제주시,추자면,중국 외,4354.45
2018-06,서귀포시,표선면,중국,41271.19
2018-06,서귀포시,표선면,중국 외,43390.4
2018-06,제주시,한경면,중국,9986.69
2018-06,제주시,한경면,중국 외,4890.17
2018-06,제주시,한림읍,중국,71139.19
2018-06,제주시,한림읍,중국 외,27908.4
2018-06,제주시,화북동,중국,2514.89
2018-06,제주시,화북동,중국 외,5549.9400000000005
2018-06,서귀포시,효돈동,중국,912.4200000000001
2018-06,서귀포시,효돈동,중국 외,1249.69
2018-07,제주시,건입동,중국,69347.18
2018-07,제주시,건입동,중국 외,35462.43
2018-07,제주시,구좌읍,중국,40896.13
2018-07,제주시,구좌읍,중국 외,20659.03
2018-07,서귀포시,남원읍,중국,184213.11000000002
2018-07,서귀포시,남원읍,중국 외,49683.05
2018-07,제주시,노형동,중국,214948.01
2018-07,제주시,노형동,중국 외,42079.67
2018-07,서귀포시,대륜동,중국,31984.47
2018-07,서귀포시,대륜동,중국 외,22549.85
2018-07,서귀포시,대정읍,중국,15628.13
2018-07,서귀포시,대정읍,중국 외,8012.84
2018-07,서귀포시,대천동,중국,11780.2
2018-07,서귀포시,대천동,중국 외,7104.59
2018-07,제주시,도두동,중국,130703.01000000001
2018-07,제주시,도두동,중국 외,55225.4
2018-07,서귀포시,동홍동,중국,35163.29
2018-07,서귀포시,동홍동,중국 외,13201.46
2018-07,제주시,봉개동,중국,38160.57
2018-07,제주시,봉개동,중국 외,8711.28
2018-07,제주시,삼도1동,중국,14897.81
2018-07,제주시,삼도1동,중국 외,23602.48
2018-07,제주시,삼도2동,중국,88242.79000000001
2018-07,제주시,삼도2동,중국 외,56359.85
2018-07,제주시,삼양동,중국,11562.8
2018-07,제주시,삼양동,중국 외,2327.3
2018-07,서귀포시,서홍동,중국,3299.13
2018-07,서귀포시,서홍동,중국 외,1913.59
2018-07,서귀포시,성산읍,중국,125518.95999999999
2018-07,서귀포시,성산읍,중국 외,47737.54
2018-07,서귀포시,송산동,중국,11322.15
2018-07,서귀포시,송산동,중국 외,10487.16
2018-07,제주시,아라동,중국,25840.010000000002
2018-07,제주시,아라동,중국 외,19015.91
2018-07,서귀포시,안덕면,중국,219294.08000000002
2018-07,서귀포시,안덕면,중국 외,79769.91
2018-07,제주시,애월읍,중국,308062.45
2018-07,제주시,애월읍,중국 외,67760.08
2018-07,제주시,연동,중국,999944.94
2018-07,제주시,연동,중국 외,237443.64
2018-07,서귀포시,영천동,중국,12567.51
2018-07,서귀포시,영천동,중국 외,3564.54
2018-07,서귀포시,예래동,중국,223116.7
2018-07,서귀포시,예래동,중국 외,80415.23
2018-07,제주시,오라동,중국,23480.19
2018-07,제주시,오라동,중국 외,34848.87
2018-07,제주시,외도동,중국,15144.77
2018-07,제주시,외도동,중국 외,5361.68
2018-07,제주시,용담1동,중국,9416.13
2018-07,제주시,용담1동,중국 외,11484.28
2018-07,제주시,용담2동,중국,643617.68
2018-07,제주시,용담2동,중국 외,227495.49
2018-07,제주시,우도면,중국,41755.22
2018-07,제주시,우도면,중국 외,9459.71
2018-07,제주시,이도1동,중국,20297.16
2018-07,제주시,이도1동,중국 외,17347.72
2018-07,제주시,이도2동,중국,39990.65
2018-07,제주시,이도2동,중국 외,22199.74
2018-07,제주시,이호동,중국,21268.1
2018-07,제주시,이호동,중국 외,3483.38
2018-07,제주시,일도1동,중국,6452.62
2018-07,제주시,일도1동,중국 외,6834.16
2018-07,제주시,일도2동,중국,9131.17
2018-07,제주시,일도2동,중국 외,9390.96
2018-07,서귀포시,정방동,중국,49803.59
2018-07,서귀포시,정방동,중국 외,24594.56
2018-07,제주시,조천읍,중국,96892.73
2018-07,제주시,조천읍,중국 외,37417.93
2018-07,서귀포시,중문동,중국,40233.37
2018-07,서귀포시,중문동,중국 외,26703.98
2018-07,서귀포시,중앙동,중국,11754.87
2018-07,서귀포시,중앙동,중국 외,10860.56
2018-07,서귀포시,천지동,중국,19146.78
2018-07,서귀포시,천지동,중국 외,21497.38
2018-07,제주시,추자면,중국,106370.06
2018-07,제주시,추자면,중국 외,8118.900000000001
2018-07,서귀포시,표선면,중국,56040.92
2018-07,서귀포시,표선면,중국 외,35801.21
2018-07,제주시,한경면,중국,21217.43
2018-07,제주시,한경면,중국 외,5360.86
2018-07,제주시,한림읍,중국,109014.86
2018-07,제주시,한림읍,중국 외,35887.66
2018-07,제주시,화북동,중국,3900.69
2018-07,제주시,화북동,중국 외,3164.0099999999998
2018-07,서귀포시,효돈동,중국,1992.56
2018-07,서귀포시,효돈동,중국 외,1504.33
2018-08,제주시,건입동,중국,104140.47
2018-08,제주시,건입동,중국 외,47674.62
2018-08,제주시,구좌읍,중국,54019.57
2018-08,제주시,구좌읍,중국 외,24004.8
2018-08,서귀포시,남원읍,중국,145607.8
2018-08,서귀포시,남원읍,중국 외,57044.79
2018-08,제주시,노형동,중국,355024.46
2018-08,제주시,노형동,중국 외,54214.79
2018-08,서귀포시,대륜동,중국,45453.95
2018-08,서귀포시,대륜동,중국 외,24947.74
2018-08,서귀포시,대정읍,중국,36564.950000000004
2018-08,서귀포시,대정읍,중국 외,14424.119999999999
2018-08,서귀포시,대천동,중국,16230.96
2018-08,서귀포시,대천동,중국 외,5848.87
2018-08,제주시,도두동,중국,216054.94
2018-08,제주시,도두동,중국 외,40325.020000000004
2018-08,서귀포시,동홍동,중국,49996.759999999995
2018-08,서귀포시,동홍동,중국 외,13061.17
2018-08,제주시,봉개동,중국,51298.020000000004
2018-08,제주시,봉개동,중국 외,14532.64
2018-08,제주시,삼도1동,중국,27523.32
2018-08,제주시,삼도1동,중국 외,14172.2
2018-08,제주시,삼도2동,중국,106841.33
2018-08,제주시,삼도2동,중국 외,52709.020000000004
2018-08,제주시,삼양동,중국,5381.01
2018-08,제주시,삼양동,중국 외,4200.03
2018-08,서귀포시,서홍동,중국,7057.38
2018-08,서귀포시,서홍동,중국 외,748.65
2018-08,서귀포시,성산읍,중국,166084.05
2018-08,서귀포시,성산읍,중국 외,39094.8
2018-08,서귀포시,송산동,중국,12500.49
2018-08,서귀포시,송산동,중국 외,6868.94
2018-08,제주시,아라동,중국,43715.47
2018-08,제주시,아라동,중국 외,16730.41
2018-08,서귀포시,안덕면,중국,336703.17
2018-08,서귀포시,안덕면,중국 외,70901.75
2018-08,제주시,애월읍,중국,343657.08
2018-08,제주시,애월읍,중국 외,79210.68
2018-08,제주시,연동,중국,1405892.49
2018-08,제주시,연동,중국 외,185530.25
2018-08,서귀포시,영천동,중국,12500.51
2018-08,서귀포시,영천동,중국 외,1881.83
2018-08,서귀포시,예래동,중국,305873.69
2018-08,서귀포시,예래동,중국 외,97599.67
2018-08,제주시,오라동,중국,39496.05
2018-08,제주시,오라동,중국 외,18375.86
2018-08,제주시,외도동,중국,18155.72
2018-08,제주시,외도동,중국 외,6667.96
2018-08,제주시,용담1동,중국,8524.23
2018-08,제주시,용담1동,중국 외,6512.33
2018-08,제주시,용담2동,중국,910100.56
2018-08,제주시,용담2동,중국 외,216481.32
2018-08,제주시,우도면,중국,47867.62
2018-08,제주시,우도면,중국 외,5811.15
2018-08,제주시,이도1동,중국,30384.55
2018-08,제주시,이도1동,중국 외,16661.06
2018-08,제주시,이도2동,중국,61035.55
2018-08,제주시,이도2동,중국 외,36593.3
2018-08,제주시,이호동,중국,24856.1
2018-08,제주시,이호동,중국 외,6966.82
2018-08,제주시,일도1동,중국,9054.56
2018-08,제주시,일도1동,중국 외,6824.36
2018-08,제주시,일도2동,중국,25484.739999999998
2018-08,제주시,일도2동,중국 외,9721.97
2018-08,서귀포시,정방동,중국,60831.17
2018-08,서귀포시,정방동,중국 외,24948.18
2018-08,제주시,조천읍,중국,132359.68
2018-08,제주시,조천읍,중국 외,44707.73
2018-08,서귀포시,중문동,중국,59498.85
2018-08,서귀포시,중문동,중국 외,24297.22
2018-08,서귀포시,중앙동,중국,14989.2
2018-08,서귀포시,중앙동,중국 외,5790.25
2018-08,서귀포시,천지동,중국,27241.34
2018-08,서귀포시,천지동,중국 외,15104.04
2018-08,제주시,추자면,중국,80101.88
2018-08,제주시,추자면,중국 외,9800.25
2018-08,서귀포시,표선면,중국,59465.26
2018-08,서귀포시,표선면,중국 외,32252.55
2018-08,제주시,한경면,중국,21133.36
2018-08,제주시,한경면,중국 외,4720.52
2018-08,제주시,한림읍,중국,140860.63
2018-08,제주시,한림읍,중국 외,34360.39
2018-08,제주시,화북동,중국,7541.15
2018-08,제주시,화북동,중국 외,10473.68
2018-08,서귀포시,효돈동,중국,3158.75
2018-08,서귀포시,효돈동,중국 외,1875.97
2018-09,제주시,건입동,중국,105553.49
2018-09,제주시,건입동,중국 외,63059.06
2018-09,제주시,구좌읍,중국,41381.8
2018-09,제주시,구좌읍,중국 외,27531.53
2018-09,서귀포시,남원읍,중국,308927.02
2018-09,서귀포시,남원읍,중국 외,52525.87
2018-09,제주시,노형동,중국,228410.31
2018-09,제주시,노형동,중국 외,57021.83
2018-09,서귀포시,대륜동,중국,31359.46
2018-09,서귀포시,대륜동,중국 외,23449.06
2018-09,서귀포시,대정읍,중국,20991.56
2018-09,서귀포시,대정읍,중국 외,9647.08
2018-09,서귀포시,대천동,중국,15527.960000000001
2018-09,서귀포시,대천동,중국 외,6000.8
2018-09,제주시,도두동,중국,160057.9
2018-09,제주시,도두동,중국 외,48543.92
2018-09,서귀포시,동홍동,중국,36468.0
2018-09,서귀포시,동홍동,중국 외,14057.75
2018-09,제주시,봉개동,중국,41635.7
2018-09,제주시,봉개동,중국 외,13488.14
2018-09,제주시,삼도1동,중국,14164.92
2018-09,제주시,삼도1동,중국 외,14807.69
2018-09,제주시,삼도2동,중국,75247.8
2018-09,제주시,삼도2동,중국 외,73986.25
2018-09,제주시,삼양동,중국,5828.25
2018-09,제주시,삼양동,중국 외,5650.5199999999995
2018-09,서귀포시,서홍동,중국,18139.5
2018-09,서귀포시,서홍동,중국 외,5231.14
2018-09,서귀포시,성산읍,중국,103027.86
2018-09,서귀포시,성산읍,중국 외,59445.2
2018-09,서귀포시,송산동,중국,9579.45
2018-09,서귀포시,송산동,중국 외,17293.18
2018-09,제주시,아라동,중국,33419.29
2018-09,제주시,아라동,중국 외,22516.04
2018-09,서귀포시,안덕면,중국,117001.88
2018-09,서귀포시,안덕면,중국 외,62570.89
2018-09,제주시,애월읍,중국,374095.21
2018-09,제주시,애월읍,중국 외,77323.75
2018-09,제주시,연동,중국,1023131.18
2018-09,제주시,연동,중국 외,198078.27
2018-09,서귀포시,영천동,중국,16150.300000000001
2018-09,서귀포시,영천동,중국 외,2621.6
2018-09,서귀포시,예래동,중국,137220.3
2018-09,서귀포시,예래동,중국 외,75701.5
2018-09,제주시,오라동,중국,19099.74
2018-09,제주시,오라동,중국 외,16842.97
2018-09,제주시,외도동,중국,11864.55
2018-09,제주시,외도동,중국 외,20828.11
2018-09,제주시,용담1동,중국,6458.23
2018-09,제주시,용담1동,중국 외,8006.51
2018-09,제주시,용담2동,중국,560077.5700000001
2018-09,제주시,용담2동,중국 외,207613.9
2018-09,제주시,우도면,중국,34677.35
2018-09,제주시,우도면,중국 외,7562.44
2018-09,제주시,이도1동,중국,21283.65
2018-09,제주시,이도1동,중국 외,13393.91
2018-09,제주시,이도2동,중국,40068.4
2018-09,제주시,이도2동,중국 외,22005.04
2018-09,제주시,이호동,중국,18712.2
2018-09,제주시,이호동,중국 외,15574.1
2018-09,제주시,일도1동,중국,6519.3
2018-09,제주시,일도1동,중국 외,7774.0199999999995
2018-09,제주시,일도2동,중국,27062.26
2018-09,제주시,일도2동,중국 외,7462.04
2018-09,서귀포시,정방동,중국,36538.63
2018-09,서귀포시,정방동,중국 외,25393.48
2018-09,제주시,조천읍,중국,71534.77
2018-09,제주시,조천읍,중국 외,41246.37
2018-09,서귀포시,중문동,중국,35511.59
2018-09,서귀포시,중문동,중국 외,17342.38
2018-09,서귀포시,중앙동,중국,14038.94
2018-09,서귀포시,중앙동,중국 외,10615.44
2018-09,서귀포시,천지동,중국,17772.96
2018-09,서귀포시,천지동,중국 외,16208.74
2018-09,제주시,추자면,중국,62224.47
2018-09,제주시,추자면,중국 외,10640.53
2018-09,서귀포시,표선면,중국,60319.27
2018-09,서귀포시,표선면,중국 외,33463.46
2018-09,제주시,한경면,중국,36252.26
2018-09,제주시,한경면,중국 외,7031.47
2018-09,제주시,한림읍,중국,88273.04000000001
2018-09,제주시,한림읍,중국 외,32951.67
2018-09,제주시,화북동,중국,4782.1
2018-09,제주시,화북동,중국 외,6107.36
2018-09,서귀포시,효돈동,중국,5098.99
2018-09,서귀포시,효돈동,중국 외,3009.46
2018-10,제주시,건입동,중국,145284.45
2018-10,제주시,건입동,중국 외,59235.5
2018-10,제주시,구좌읍,중국,69589.05
2018-10,제주시,구좌읍,중국 외,22078.93
2018-10,서귀포시,남원읍,중국,159267.66
2018-10,서귀포시,남원읍,중국 외,30711.91
2018-10,제주시,노형동,중국,394072.84
2018-10,제주시,노형동,중국 외,58084.03
2018-10,서귀포시,대륜동,중국,53922.75
2018-10,서귀포시,대륜동,중국 외,102399.19
2018-10,서귀포시,대정읍,중국,31608.82
2018-10,서귀포시,대정읍,중국 외,9122.86
2018-10,서귀포시,대천동,중국,27053.0
2018-10,서귀포시,대천동,중국 외,119842.14
2018-10,제주시,도두동,중국,271860.72
2018-10,제주시,도두동,중국 외,56198.99
2018-10,서귀포시,동홍동,중국,58737.94
2018-10,서귀포시,동홍동,중국 외,18191.58
2018-10,제주시,봉개동,중국,40782.49
2018-10,제주시,봉개동,중국 외,18209.06
2018-10,제주시,삼도1동,중국,24464.989999999998
2018-10,제주시,삼도1동,중국 외,14220.15
2018-10,제주시,삼도2동,중국,145137.85
2018-10,제주시,삼도2동,중국 외,100754.43000000001
2018-10,제주시,삼양동,중국,8285.63
2018-10,제주시,삼양동,중국 외,7180.15
2018-10,서귀포시,서홍동,중국,23624.89
2018-10,서귀포시,서홍동,중국 외,2440.9
2018-10,서귀포시,성산읍,중국,168943.12
2018-10,서귀포시,성산읍,중국 외,52505.06
2018-10,서귀포시,송산동,중국,19427.11
2018-10,서귀포시,송산동,중국 외,6431.15
2018-10,제주시,아라동,중국,35048.24
2018-10,제주시,아라동,중국 외,15561.99
2018-10,서귀포시,안덕면,중국,172131.65
2018-10,서귀포시,안덕면,중국 외,67855.93
2018-10,제주시,애월읍,중국,372804.82
2018-10,제주시,애월읍,중국 외,83350.58
2018-10,제주시,연동,중국,1507187.29
2018-10,제주시,연동,중국 외,229329.55
2018-10,서귀포시,영천동,중국,32381.28
2018-10,서귀포시,영천동,중국 외,8174.5199999999995
2018-10,서귀포시,예래동,중국,289353.82
2018-10,서귀포시,예래동,중국 외,70776.62
2018-10,제주시,오라동,중국,32494.03
2018-10,제주시,오라동,중국 외,20649.12
2018-10,제주시,외도동,중국,32324.9
2018-10,제주시,외도동,중국 외,24149.05
2018-10,제주시,용담1동,중국,16579.68
2018-10,제주시,용담1동,중국 외,5562.17
2018-10,제주시,용담2동,중국,836774.01
2018-10,제주시,용담2동,중국 외,212993.29
2018-10,제주시,우도면,중국,54875.65
2018-10,제주시,우도면,중국 외,12217.98
2018-10,제주시,이도1동,중국,35831.99
2018-10,제주시,이도1동,중국 외,26628.66
2018-10,제주시,이도2동,중국,54153.94
2018-10,제주시,이도2동,중국 외,23418.399999999998
2018-10,제주시,이호동,중국,20715.47
2018-10,제주시,이호동,중국 외,12137.52
2018-10,제주시,일도1동,중국,13529.32
2018-10,제주시,일도1동,중국 외,7593.83
2018-10,제주시,일도2동,중국,56166.85
2018-10,제주시,일도2동,중국 외,6485.02
2018-10,서귀포시,정방동,중국,82024.49
2018-10,서귀포시,정방동,중국 외,35193.12
2018-10,제주시,조천읍,중국,112889.06
2018-10,제주시,조천읍,중국 외,43151.87
2018-10,서귀포시,중문동,중국,55013.79
2018-10,서귀포시,중문동,중국 외,22515.0
2018-10,서귀포시,중앙동,중국,22562.03
2018-10,서귀포시,중앙동,중국 외,11673.64
2018-10,서귀포시,천지동,중국,26021.19
2018-10,서귀포시,천지동,중국 외,17272.98
2018-10,제주시,추자면,중국,39964.93
2018-10,제주시,추자면,중국 외,8555.59
2018-10,서귀포시,표선면,중국,73882.67
2018-10,서귀포시,표선면,중국 외,40267.56
2018-10,제주시,한경면,중국,36886.35
2018-10,제주시,한경면,중국 외,4846.92
2018-10,제주시,한림읍,중국,127870.28
2018-10,제주시,한림읍,중국 외,21927.57
2018-10,제주시,화북동,중국,10464.86
2018-10,제주시,화북동,중국 외,8788.01
2018-10,서귀포시,효돈동,중국,8660.56
2018-10,서귀포시,효돈동,중국 외,1062.77
2018-11,제주시,건입동,중국,81029.66
2018-11,제주시,건입동,중국 외,55738.79
2018-11,제주시,구좌읍,중국,35641.69
2018-11,제주시,구좌읍,중국 외,25340.78
2018-11,서귀포시,남원읍,중국,92286.81
2018-11,서귀포시,남원읍,중국 외,41999.99
2018-11,제주시,노형동,중국,253308.27
2018-11,제주시,노형동,중국 외,59045.44
2018-11,서귀포시,대륜동,중국,24057.53
2018-11,서귀포시,대륜동,중국 외,23415.36
2018-11,서귀포시,대정읍,중국,41623.0
2018-11,서귀포시,대정읍,중국 외,13175.54
2018-11,서귀포시,대천동,중국,15111.31
2018-11,서귀포시,대천동,중국 외,11839.3
2018-11,제주시,도두동,중국,234950.91999999998
2018-11,제주시,도두동,중국 외,65010.01
2018-11,서귀포시,동홍동,중국,44585.25
2018-11,서귀포시,동홍동,중국 외,13075.08
2018-11,제주시,봉개동,중국,52039.53
2018-11,제주시,봉개동,중국 외,9966.07
2018-11,제주시,삼도1동,중국,8070.54
2018-11,제주시,삼도1동,중국 외,24563.65
2018-11,제주시,삼도2동,중국,69761.75
2018-11,제주시,삼도2동,중국 외,88106.23
2018-11,제주시,삼양동,중국,6586.72
2018-11,제주시,삼양동,중국 외,8794.86
2018-11,서귀포시,서홍동,중국,16878.92
2018-11,서귀포시,서홍동,중국 외,2305.8
2018-11,서귀포시,성산읍,중국,97192.35
2018-11,서귀포시,성산읍,중국 외,61886.83
2018-11,서귀포시,송산동,중국,9032.75
2018-11,서귀포시,송산동,중국 외,9803.03
2018-11,제주시,아라동,중국,33893.0
2018-11,제주시,아라동,중국 외,24134.03
2018-11,서귀포시,안덕면,중국,128720.41
2018-11,서귀포시,안덕면,중국 외,52341.88
2018-11,제주시,애월읍,중국,302799.06
2018-11,제주시,애월읍,중국 외,68018.51
2018-11,제주시,연동,중국,1152313.22
2018-11,제주시,연동,중국 외,260817.18
2018-11,서귀포시,영천동,중국,20524.98
2018-11,서귀포시,영천동,중국 외,4775.09
2018-11,서귀포시,예래동,중국,155480.74
2018-11,서귀포시,예래동,중국 외,48198.32
2018-11,제주시,오라동,중국,24879.190000000002
2018-11,제주시,오라동,중국 외,20120.46
2018-11,제주시,외도동,중국,24990.0
2018-11,제주시,외도동,중국 외,28142.46
2018-11,제주시,용담1동,중국,8967.87
2018-11,제주시,용담1동,중국 외,7848.15
2018-11,제주시,용담2동,중국,564515.6799999999
2018-11,제주시,용담2동,중국 외,246670.08000000002
2018-11,제주시,우도면,중국,27395.52
2018-11,제주시,우도면,중국 외,10355.41
2018-11,제주시,이도1동,중국,26038.71
2018-11,제주시,이도1동,중국 외,21020.89
2018-11,제주시,이도2동,중국,43082.5
2018-11,제주시,이도2동,중국 외,29829.06
2018-11,제주시,이호동,중국,27833.34
2018-11,제주시,이호동,중국 외,11706.83
2018-11,제주시,일도1동,중국,8059.73
2018-11,제주시,일도1동,중국 외,6837.09
2018-11,제주시,일도2동,중국,60858.729999999996
2018-11,제주시,일도2동,중국 외,7575.8099999999995
2018-11,서귀포시,정방동,중국,31503.75
2018-11,서귀포시,정방동,중국 외,23702.87
2018-11,제주시,조천읍,중국,67829.25
2018-11,제주시,조천읍,중국 외,41322.86
2018-11,서귀포시,중문동,중국,145026.34
2018-11,서귀포시,중문동,중국 외,23634.170000000002
2018-11,서귀포시,중앙동,중국,13492.34
2018-11,서귀포시,중앙동,중국 외,9055.84
2018-11,서귀포시,천지동,중국,13278.81
2018-11,서귀포시,천지동,중국 외,16190.05
2018-11,제주시,추자면,중국,37517.44
2018-11,제주시,추자면,중국 외,7387.55
2018-11,서귀포시,표선면,중국,56399.13
2018-11,서귀포시,표선면,중국 외,40426.41
2018-11,제주시,한경면,중국,18416.83
2018-11,제주시,한경면,중국 외,6147.88
2018-11,제주시,한림읍,중국,96232.86
2018-11,제주시,한림읍,중국 외,22241.72
2018-11,제주시,화북동,중국,10113.85
2018-11,제주시,화북동,중국 외,7539.0
2018-11,서귀포시,효돈동,중국,5929.95
2018-11,서귀포시,효돈동,중국 외,2275.37
2018-12,제주시,건입동,중국,103662.66
2018-12,제주시,건입동,중국 외,36880.03
2018-12,제주시,구좌읍,중국,45130.28
2018-12,제주시,구좌읍,중국 외,14778.58
2018-12,서귀포시,남원읍,중국,75153.79000000001
2018-12,서귀포시,남원읍,중국 외,29615.71
2018-12,제주시,노형동,중국,283032.21
2018-12,제주시,노형동,중국 외,59693.659999999996
2018-12,서귀포시,대륜동,중국,24713.73
2018-12,서귀포시,대륜동,중국 외,26296.79
2018-12,서귀포시,대정읍,중국,46398.16
2018-12,서귀포시,대정읍,중국 외,11622.16
2018-12,서귀포시,대천동,중국,16255.54
2018-12,서귀포시,대천동,중국 외,10048.25
2018-12,제주시,도두동,중국,258766.62
2018-12,제주시,도두동,중국 외,51537.55
2018-12,서귀포시,동홍동,중국,48148.25
2018-12,서귀포시,동홍동,중국 외,16815.34
2018-12,제주시,봉개동,중국,40472.89
2018-12,제주시,봉개동,중국 외,9485.14
2018-12,제주시,삼도1동,중국,18224.01
2018-12,제주시,삼도1동,중국 외,14731.99
2018-12,제주시,삼도2동,중국,85146.5
2018-12,제주시,삼도2동,중국 외,60833.22
2018-12,제주시,삼양동,중국,9360.18
2018-12,제주시,삼양동,중국 외,3710.79
2018-12,서귀포시,서홍동,중국,135895.72
2018-12,서귀포시,서홍동,중국 외,12539.86
2018-12,서귀포시,성산읍,중국,116738.56
2018-12,서귀포시,성산읍,중국 외,54469.2
2018-12,서귀포시,송산동,중국,7252.71
2018-12,서귀포시,송산동,중국 외,9183.55
2018-12,제주시,아라동,중국,28707.4
2018-12,제주시,아라동,중국 외,15762.64
2018-12,서귀포시,안덕면,중국,222962.48
2018-12,서귀포시,안덕면,중국 외,56270.34
2018-12,제주시,애월읍,중국,287959.05
2018-12,제주시,애월읍,중국 외,73686.53
2018-12,제주시,연동,중국,1293214.77
2018-12,제주시,연동,중국 외,179692.18
2018-12,서귀포시,영천동,중국,46001.06
2018-12,서귀포시,영천동,중국 외,8233.96
2018-12,서귀포시,예래동,중국,72995.26
2018-12,서귀포시,예래동,중국 외,42825.07
2018-12,제주시,오라동,중국,24518.0
2018-12,제주시,오라동,중국 외,16194.95
2018-12,제주시,외도동,중국,24537.88
2018-12,제주시,외도동,중국 외,30731.81
2018-12,제주시,용담1동,중국,10540.15
2018-12,제주시,용담1동,중국 외,7347.27
2018-12,제주시,용담2동,중국,632161.49
2018-12,제주시,용담2동,중국 외,195743.2
2018-12,제주시,우도면,중국,26032.67
2018-12,제주시,우도면,중국 외,3072.2
2018-12,제주시,이도1동,중국,32970.56
2018-12,제주시,이도1동,중국 외,15390.84
2018-12,제주시,이도2동,중국,32996.07
2018-12,제주시,이도2동,중국 외,27741.8
2018-12,제주시,이호동,중국,30139.79
2018-12,제주시,이호동,중국 외,19156.54
2018-12,제주시,일도1동,중국,10154.369999999999
2018-12,제주시,일도1동,중국 외,5518.15
2018-12,제주시,일도2동,중국,59811.6
2018-12,제주시,일도2동,중국 외,6330.58
2018-12,서귀포시,정방동,중국,35205.66
2018-12,서귀포시,정방동,중국 외,17799.64
2018-12,제주시,조천읍,중국,52017.1
2018-12,제주시,조천읍,중국 외,36423.3
2018-12,서귀포시,중문동,중국,109383.70999999999
2018-12,서귀포시,중문동,중국 외,16071.65
2018-12,서귀포시,중앙동,중국,18714.69
2018-12,서귀포시,중앙동,중국 외,7342.18
2018-12,서귀포시,천지동,중국,17302.170000000002
2018-12,서귀포시,천지동,중국 외,12213.98
2018-12,제주시,추자면,중국,32513.87
2018-12,제주시,추자면,중국 외,10341.07
2018-12,서귀포시,표선면,중국,64744.13
2018-12,서귀포시,표선면,중국 외,39074.44
2018-12,제주시,한경면,중국,17197.22
2018-12,제주시,한경면,중국 외,6152.23
2018-12,제주시,한림읍,중국,99600.91
2018-12,제주시,한림읍,중국 외,15883.45
2018-12,제주시,화북동,중국,6393.3
2018-12,제주시,화북동,중국 외,6439.53
2018-12,서귀포시,효돈동,중국,9921.78
2018-12,서귀포시,효돈동,중국 외,1530.37
2019-01,제주시,건입동,중국,84492.82
2019-01,제주시,건입동,중국 외,30613.53
2019-01,제주시,구좌읍,중국,50211.7
2019-01,제주시,구좌읍,중국 외,15685.7
2019-01,서귀포시,남원읍,중국,70260.3
2019-01,서귀포시,남원읍,중국 외,36882.96
2019-01,제주시,노형동,중국,331575.13
2019-01,제주시,노형동,중국 외,50651.26
2019-01,서귀포시,대륜동,중국,26705.65
2019-01,서귀포시,대륜동,중국 외,19514.25
2019-01,서귀포시,대정읍,중국,34622.65
2019-01,서귀포시,대정읍,중국 외,10529.4
2019-01,서귀포시,대천동,중국,15083.189999999999
2019-01,서귀포시,대천동,중국 외,6270.7
2019-01,제주시,도두동,중국,266389.82
2019-01,제주시,도두동,중국 외,48057.93
2019-01,서귀포시,동홍동,중국,45710.29
2019-01,서귀포시,동홍동,중국 외,9495.51
2019-01,제주시,봉개동,중국,31603.45
2019-01,제주시,봉개동,중국 외,8455.71
2019-01,제주시,삼도1동,중국,19961.6
2019-01,제주시,삼도1동,중국 외,15109.74
2019-01,제주시,삼도2동,중국,98705.99
2019-01,제주시,삼도2동,중국 외,57689.35
2019-01,제주시,삼양동,중국,11822.31
2019-01,제주시,삼양동,중국 외,3208.67
2019-01,서귀포시,서홍동,중국,125427.76
2019-01,서귀포시,서홍동,중국 외,15295.52
2019-01,서귀포시,성산읍,중국,138451.95
2019-01,서귀포시,성산읍,중국 외,44960.1
2019-01,서귀포시,송산동,중국,6737.64
2019-01,서귀포시,송산동,중국 외,3398.65
2019-01,제주시,아라동,중국,23528.579999999998
2019-01,제주시,아라동,중국 외,15296.25
2019-01,서귀포시,안덕면,중국,104099.97
2019-01,서귀포시,안덕면,중국 외,42342.86
2019-01,제주시,애월읍,중국,305204.58
2019-01,제주시,애월읍,중국 외,70819.09
2019-01,제주시,연동,중국,1311268.95
2019-01,제주시,연동,중국 외,153351.63
2019-01,서귀포시,영천동,중국,49116.15
2019-01,서귀포시,영천동,중국 외,14412.59
2019-01,서귀포시,예래동,중국,86458.35
2019-01,서귀포시,예래동,중국 외,38686.92
2019-01,제주시,오라동,중국,23899.13
2019-01,제주시,오라동,중국 외,14769.7
2019-01,제주시,외도동,중국,24711.12
2019-01,제주시,외도동,중국 외,23491.829999999998
2019-01,제주시,용담1동,중국,10398.08
2019-01,제주시,용담1동,중국 외,4742.7
2019-01,제주시,용담2동,중국,701858.71
2019-01,제주시,용담2동,중국 외,183133.12
2019-01,제주시,우도면,중국,24811.02
2019-01,제주시,우도면,중국 외,5772.84
2019-01,제주시,이도1동,중국,38740.62
2019-01,제주시,이도1동,중국 외,11948.11
2019-01,제주시,이도2동,중국,47260.159999999996
2019-01,제주시,이도2동,중국 외,15359.05
2019-01,제주시,이호동,중국,35444.3
2019-01,제주시,이호동,중국 외,13209.66
2019-01,제주시,일도1동,중국,13275.49
2019-01,제주시,일도1동,중국 외,7331.28
2019-01,제주시,일도2동,중국,68517.07
2019-01,제주시,일도2동,중국 외,7949.74
2019-01,서귀포시,정방동,중국,35824.55
2019-01,서귀포시,정방동,중국 외,16055.82
2019-01,제주시,조천읍,중국,75296.64
2019-01,제주시,조천읍,중국 외,28940.07
2019-01,서귀포시,중문동,중국,84463.81
2019-01,서귀포시,중문동,중국 외,20836.34
2019-01,서귀포시,중앙동,중국,15492.4
2019-01,서귀포시,중앙동,중국 외,7646.28
2019-01,서귀포시,천지동,중국,20390.14
2019-01,서귀포시,천지동,중국 외,10024.27
2019-01,제주시,추자면,중국,27346.9
2019-01,제주시,추자면,중국 외,8463.57
2019-01,서귀포시,표선면,중국,61292.89
2019-01,서귀포시,표선면,중국 외,29017.55
2019-01,제주시,한경면,중국,18485.82
2019-01,제주시,한경면,중국 외,4057.68
2019-01,제주시,한림읍,중국,106825.95
2019-01,제주시,한림읍,중국 외,18032.58
2019-01,제주시,화북동,중국,6827.87
2019-01,제주시,화북동,중국 외,1631.82
2019-01,서귀포시,효돈동,중국,7626.9800000000005
2019-01,서귀포시,효돈동,중국 외,1504.93
2019-02,제주시,건입동,중국,123080.86
2019-02,제주시,건입동,중국 외,26820.58
2019-02,제주시,구좌읍,중국,54051.32
2019-02,제주시,구좌읍,중국 외,14403.84
2019-02,서귀포시,남원읍,중국,62852.84
2019-02,서귀포시,남원읍,중국 외,23341.35
2019-02,제주시,노형동,중국,446867.63
2019-02,제주시,노형동,중국 외,39255.43
2019-02,서귀포시,대륜동,중국,42571.9
2019-02,서귀포시,대륜동,중국 외,15703.94
2019-02,서귀포시,대정읍,중국,37128.68
2019-02,서귀포시,대정읍,중국 외,11142.35
2019-02,서귀포시,대천동,중국,15496.29
2019-02,서귀포시,대천동,중국 외,5272.13
2019-02,제주시,도두동,중국,377476.05
2019-02,제주시,도두동,중국 외,37201.53
2019-02,서귀포시,동홍동,중국,59188.69
2019-02,서귀포시,동홍동,중국 외,6078.87
2019-02,제주시,봉개동,중국,30764.739999999998
2019-02,제주시,봉개동,중국 외,7445.16
2019-02,제주시,삼도1동,중국,29428.92
2019-02,제주시,삼도1동,중국 외,11297.84
2019-02,제주시,삼도2동,중국,99772.43
2019-02,제주시,삼도2동,중국 외,60270.31
2019-02,제주시,삼양동,중국,12066.2
2019-02,제주시,삼양동,중국 외,3255.12
2019-02,서귀포시,서홍동,중국,83498.97
2019-02,서귀포시,서홍동,중국 외,15159.4
2019-02,서귀포시,성산읍,중국,157466.09
2019-02,서귀포시,성산읍,중국 외,42889.4
2019-02,서귀포시,송산동,중국,6413.87
2019-02,서귀포시,송산동,중국 외,4724.55
2019-02,제주시,아라동,중국,34057.52
2019-02,제주시,아라동,중국 외,26413.44
2019-02,서귀포시,안덕면,중국,150087.79
2019-02,서귀포시,안덕면,중국 외,35481.78
2019-02,제주시,애월읍,중국,345771.84
2019-02,제주시,애월읍,중국 외,57492.1
2019-02,제주시,연동,중국,1581892.57
2019-02,제주시,연동,중국 외,119881.18
2019-02,서귀포시,영천동,중국,33189.83
2019-02,서귀포시,영천동,중국 외,13090.44
2019-02,서귀포시,예래동,중국,178627.19
2019-02,서귀포시,예래동,중국 외,22341.12
2019-02,제주시,오라동,중국,36863.4
2019-02,제주시,오라동,중국 외,13732.76
2019-02,제주시,외도동,중국,42325.35
2019-02,제주시,외도동,중국 외,19697.79
2019-02,제주시,용담1동,중국,13171.06
2019-02,제주시,용담1동,중국 외,7234.98
2019-02,제주시,용담2동,중국,727283.49
2019-02,제주시,용담2동,중국 외,139408.49
2019-02,제주시,우도면,중국,39709.84
2019-02,제주시,우도면,중국 외,5552.5199999999995
2019-02,제주시,이도1동,중국,44397.76
2019-02,제주시,이도1동,중국 외,14597.58
2019-02,제주시,이도2동,중국,45087.51
2019-02,제주시,이도2동,중국 외,26617.010000000002
2019-02,제주시,이호동,중국,53736.11
2019-02,제주시,이호동,중국 외,13759.26
2019-02,제주시,일도1동,중국,15040.6
2019-02,제주시,일도1동,중국 외,5127.18
2019-02,제주시,일도2동,중국,52250.46
2019-02,제주시,일도2동,중국 외,7329.34
2019-02,서귀포시,정방동,중국,56513.88
2019-02,서귀포시,정방동,중국 외,9509.51
2019-02,제주시,조천읍,중국,65012.66
2019-02,제주시,조천읍,중국 외,22536.7
2019-02,서귀포시,중문동,중국,81635.7
2019-02,서귀포시,중문동,중국 외,12436.19
2019-02,서귀포시,중앙동,중국,16779.07
2019-02,서귀포시,중앙동,중국 외,6833.45
2019-02,서귀포시,천지동,중국,29357.13
2019-02,서귀포시,천지동,중국 외,6221.67
2019-02,제주시,추자면,중국,22509.41
2019-02,제주시,추자면,중국 외,7888.5599999999995
2019-02,서귀포시,표선면,중국,49313.49
2019-02,서귀포시,표선면,중국 외,22056.24
2019-02,제주시,한경면,중국,16750.98
2019-02,제주시,한경면,중국 외,3522.22
2019-02,제주시,한림읍,중국,86176.9
2019-02,제주시,한림읍,중국 외,20111.87
2019-02,제주시,화북동,중국,5886.400000000001
2019-02,제주시,화북동,중국 외,3852.0899999999997
2019-02,서귀포시,효돈동,중국,3701.62
2019-02,서귀포시,효돈동,중국 외,1825.7
2019-03,제주시,건입동,중국,86281.71
2019-03,제주시,건입동,중국 외,40540.340000000004
2019-03,제주시,구좌읍,중국,57625.0
2019-03,제주시,구좌읍,중국 외,19732.71
2019-03,서귀포시,남원읍,중국,55164.44
2019-03,서귀포시,남원읍,중국 외,26254.5
2019-03,제주시,노형동,중국,375121.1
2019-03,제주시,노형동,중국 외,48583.95
2019-03,서귀포시,대륜동,중국,30496.989999999998
2019-03,서귀포시,대륜동,중국 외,18294.06
2019-03,서귀포시,대정읍,중국,59312.43
2019-03,서귀포시,대정읍,중국 외,7821.78
2019-03,서귀포시,대천동,중국,19467.02
2019-03,서귀포시,대천동,중국 외,18128.89
2019-03,제주시,도두동,중국,308147.69
2019-03,제주시,도두동,중국 외,42949.85
2019-03,서귀포시,동홍동,중국,28089.35
2019-03,서귀포시,동홍동,중국 외,13913.119999999999
2019-03,제주시,봉개동,중국,44587.22
2019-03,제주시,봉개동,중국 외,11509.43
2019-03,제주시,삼도1동,중국,19273.04
2019-03,제주시,삼도1동,중국 외,29004.15
2019-03,제주시,삼도2동,중국,92431.66
2019-03,제주시,삼도2동,중국 외,62636.74
2019-03,제주시,삼양동,중국,20537.1
2019-03,제주시,삼양동,중국 외,2879.4700000000003
2019-03,서귀포시,서홍동,중국,175994.09
2019-03,서귀포시,서홍동,중국 외,16943.13
2019-03,서귀포시,성산읍,중국,151946.94
2019-03,서귀포시,성산읍,중국 외,57982.7
2019-03,서귀포시,송산동,중국,5800.15
2019-03,서귀포시,송산동,중국 외,4403.95
2019-03,제주시,아라동,중국,53671.04
2019-03,제주시,아라동,중국 외,17926.07
2019-03,서귀포시,안덕면,중국,130898.31
2019-03,서귀포시,안덕면,중국 외,42193.88
2019-03,제주시,애월읍,중국,379665.94
2019-03,제주시,애월읍,중국 외,64986.5
2019-03,제주시,연동,중국,1412353.54
2019-03,제주시,연동,중국 외,151654.01
2019-03,서귀포시,영천동,중국,25808.1
2019-03,서귀포시,영천동,중국 외,15454.64
2019-03,서귀포시,예래동,중국,105813.42
2019-03,서귀포시,예래동,중국 외,38195.56
2019-03,제주시,오라동,중국,36585.2
2019-03,제주시,오라동,중국 외,16340.35
2019-03,제주시,외도동,중국,25487.66
2019-03,제주시,외도동,중국 외,19806.010000000002
2019-03,제주시,용담1동,중국,13284.75
2019-03,제주시,용담1동,중국 외,6502.25
2019-03,제주시,용담2동,중국,643441.01
2019-03,제주시,용담2동,중국 외,164600.52
2019-03,제주시,우도면,중국,40303.98
2019-03,제주시,우도면,중국 외,8052.5599999999995
2019-03,제주시,이도1동,중국,31570.0
2019-03,제주시,이도1동,중국 외,16697.62
2019-03,제주시,이도2동,중국,60517.72
2019-03,제주시,이도2동,중국 외,23602.55
2019-03,제주시,이호동,중국,36499.96
2019-03,제주시,이호동,중국 외,12045.98
2019-03,제주시,일도1동,중국,10627.210000000001
2019-03,제주시,일도1동,중국 외,5912.11
2019-03,제주시,일도2동,중국,68140.49
2019-03,제주시,일도2동,중국 외,4836.33
2019-03,서귀포시,정방동,중국,31340.7
2019-03,서귀포시,정방동,중국 외,17050.48
2019-03,제주시,조천읍,중국,71915.13
2019-03,제주시,조천읍,중국 외,30487.94
2019-03,서귀포시,중문동,중국,91064.67
2019-03,서귀포시,중문동,중국 외,19745.01
2019-03,서귀포시,중앙동,중국,15945.2
2019-03,서귀포시,중앙동,중국 외,6716.59
2019-03,서귀포시,천지동,중국,19337.69
2019-03,서귀포시,천지동,중국 외,9992.039999999999
2019-03,제주시,추자면,중국,49555.39
2019-03,제주시,추자면,중국 외,10354.44
2019-03,서귀포시,표선면,중국,71632.93
2019-03,서귀포시,표선면,중국 외,30363.09
2019-03,제주시,한경면,중국,26669.42
2019-03,제주시,한경면,중국 외,3661.97
2019-03,제주시,한림읍,중국,75592.76
2019-03,제주시,한림읍,중국 외,23192.23
2019-03,제주시,화북동,중국,9998.12
2019-03,제주시,화북동,중국 외,5050.46
2019-03,서귀포시,효돈동,중국,4627.2
2019-03,서귀포시,효돈동,중국 외,448.59
2019-04,제주시,건입동,중국,95536.05
2019-04,제주시,건입동,중국 외,51091.71
2019-04,제주시,구좌읍,중국,52179.17
2019-04,제주시,구좌읍,중국 외,28436.63
2019-04,서귀포시,남원읍,중국,54142.92
2019-04,서귀포시,남원읍,중국 외,37011.63
2019-04,제주시,노형동,중국,350330.72000000003
2019-04,제주시,노형동,중국 외,50528.57
2019-04,서귀포시,대륜동,중국,36253.85
2019-04,서귀포시,대륜동,중국 외,20021.7
2019-04,서귀포시,대정읍,중국,46946.91
2019-04,서귀포시,대정읍,중국 외,12081.24
2019-04,서귀포시,대천동,중국,28446.65
2019-04,서귀포시,대천동,중국 외,10180.68
2019-04,제주시,도두동,중국,329571.7
2019-04,제주시,도두동,중국 외,48537.14
2019-04,서귀포시,동홍동,중국,24915.05
2019-04,서귀포시,동홍동,중국 외,11260.94
2019-04,제주시,봉개동,중국,32629.26
2019-04,제주시,봉개동,중국 외,13691.12
2019-04,제주시,삼도1동,중국,15707.42
2019-04,제주시,삼도1동,중국 외,23276.67
2019-04,제주시,삼도2동,중국,108131.73
2019-04,제주시,삼도2동,중국 외,97290.02
2019-04,제주시,삼양동,중국,25956.73
2019-04,제주시,삼양동,중국 외,3964.02
2019-04,서귀포시,서홍동,중국,146394.52
2019-04,서귀포시,서홍동,중국 외,25079.05
2019-04,서귀포시,성산읍,중국,149357.43
2019-04,서귀포시,성산읍,중국 외,73220.42
2019-04,서귀포시,송산동,중국,8575.18
2019-04,서귀포시,송산동,중국 외,8544.12
2019-04,제주시,아라동,중국,40975.89
2019-04,제주시,아라동,중국 외,11387.3
2019-04,서귀포시,안덕면,중국,153869.58000000002
2019-04,서귀포시,안덕면,중국 외,53546.69
2019-04,제주시,애월읍,중국,401609.07
2019-04,제주시,애월읍,중국 외,70320.33
2019-04,제주시,연동,중국,1224196.42
2019-04,제주시,연동,중국 외,172268.66
2019-04,서귀포시,영천동,중국,41284.14
2019-04,서귀포시,영천동,중국 외,18682.13
2019-04,서귀포시,예래동,중국,142065.76
2019-04,서귀포시,예래동,중국 외,59328.6
2019-04,제주시,오라동,중국,43431.27
2019-04,제주시,오라동,중국 외,17562.24
2019-04,제주시,외도동,중국,24285.28
2019-04,제주시,외도동,중국 외,17596.6
2019-04,제주시,용담1동,중국,9834.76
2019-04,제주시,용담1동,중국 외,4953.41
2019-04,제주시,용담2동,중국,651158.18
2019-04,제주시,용담2동,중국 외,186503.2
2019-04,제주시,우도면,중국,38408.92
2019-04,제주시,우도면,중국 외,11332.74
2019-04,제주시,이도1동,중국,25398.690000000002
2019-04,제주시,이도1동,중국 외,17467.87
2019-04,제주시,이도2동,중국,42697.83
2019-04,제주시,이도2동,중국 외,29787.32
2019-04,제주시,이호동,중국,31024.239999999998
2019-04,제주시,이호동,중국 외,12322.78
2019-04,제주시,일도1동,중국,10727.6
2019-04,제주시,일도1동,중국 외,6819.38
2019-04,제주시,일도2동,중국,47005.369999999995
2019-04,제주시,일도2동,중국 외,4718.7
2019-04,서귀포시,정방동,중국,36423.92
2019-04,서귀포시,정방동,중국 외,19785.829999999998
2019-04,제주시,조천읍,중국,94241.94
2019-04,제주시,조천읍,중국 외,44075.05
2019-04,서귀포시,중문동,중국,101116.43
2019-04,서귀포시,중문동,중국 외,26270.76
2019-04,서귀포시,중앙동,중국,8846.23
2019-04,서귀포시,중앙동,중국 외,6729.67
2019-04,서귀포시,천지동,중국,24981.47
2019-04,서귀포시,천지동,중국 외,12834.1
2019-04,제주시,추자면,중국,30670.82
2019-04,제주시,추자면,중국 외,10175.1
2019-04,서귀포시,표선면,중국,67126.61
2019-04,서귀포시,표선면,중국 외,40434.95
2019-04,제주시,한경면,중국,24596.16
2019-04,제주시,한경면,중국 외,9055.55
2019-04,제주시,한림읍,중국,61490.41
2019-04,제주시,한림읍,중국 외,28434.71
2019-04,제주시,화북동,중국,6526.38
2019-04,제주시,화북동,중국 외,11246.48
2019-04,서귀포시,효돈동,중국,3547.5
2019-04,서귀포시,효돈동,중국 외,1280.31
2019-05,제주시,건입동,중국,114293.96
2019-05,제주시,건입동,중국 외,50768.78
2019-05,제주시,구좌읍,중국,76186.68000000001
2019-05,제주시,구좌읍,중국 외,35209.44
2019-05,서귀포시,남원읍,중국,59626.29
2019-05,서귀포시,남원읍,중국 외,37684.24
2019-05,제주시,노형동,중국,419375.32
2019-05,제주시,노형동,중국 외,58919.5
2019-05,서귀포시,대륜동,중국,40148.75
2019-05,서귀포시,대륜동,중국 외,25575.3
2019-05,서귀포시,대정읍,중국,56421.88
2019-05,서귀포시,대정읍,중국 외,12992.21
2019-05,서귀포시,대천동,중국,23312.260000000002
2019-05,서귀포시,대천동,중국 외,13146.18
2019-05,제주시,도두동,중국,369897.77
2019-05,제주시,도두동,중국 외,53017.7
2019-05,서귀포시,동홍동,중국,38645.53
2019-05,서귀포시,동홍동,중국 외,17908.53
2019-05,제주시,봉개동,중국,26965.7
2019-05,제주시,봉개동,중국 외,11327.26
2019-05,제주시,삼도1동,중국,17609.01
2019-05,제주시,삼도1동,중국 외,17036.73
2019-05,제주시,삼도2동,중국,129398.54000000001
2019-05,제주시,삼도2동,중국 외,91152.7
2019-05,제주시,삼양동,중국,41741.2
2019-05,제주시,삼양동,중국 외,8270.67
2019-05,서귀포시,서홍동,중국,46178.32
2019-05,서귀포시,서홍동,중국 외,17303.48
2019-05,서귀포시,성산읍,중국,179411.55
2019-05,서귀포시,성산읍,중국 외,75175.28
2019-05,서귀포시,송산동,중국,12098.18
2019-05,서귀포시,송산동,중국 외,13922.68
2019-05,제주시,아라동,중국,33742.66
2019-05,제주시,아라동,중국 외,12723.54
2019-05,서귀포시,안덕면,중국,237303.17
2019-05,서귀포시,안덕면,중국 외,64188.61
2019-05,제주시,애월읍,중국,395407.67
2019-05,제주시,애월읍,중국 외,72666.36
2019-05,제주시,연동,중국,1375886.53
2019-05,제주시,연동,중국 외,219199.55
2019-05,서귀포시,영천동,중국,49650.46
2019-05,서귀포시,영천동,중국 외,19746.62
2019-05,서귀포시,예래동,중국,189398.54
2019-05,서귀포시,예래동,중국 외,78244.79
2019-05,제주시,오라동,중국,53892.35
2019-05,제주시,오라동,중국 외,25255.27
2019-05,제주시,외도동,중국,23337.37
2019-05,제주시,외도동,중국 외,20331.49
2019-05,제주시,용담1동,중국,17296.63
2019-05,제주시,용담1동,중국 외,5578.81
2019-05,제주시,용담2동,중국,747715.96
2019-05,제주시,용담2동,중국 외,227298.44
2019-05,제주시,우도면,중국,77299.44
2019-05,제주시,우도면,중국 외,18686.95
2019-05,제주시,이도1동,중국,29221.89
2019-05,제주시,이도1동,중국 외,20621.18
2019-05,제주시,이도2동,중국,32431.9
2019-05,제주시,이도2동,중국 외,26131.32
2019-05,제주시,이호동,중국,35312.82
2019-05,제주시,이호동,중국 외,12590.18
2019-05,제주시,일도1동,중국,12123.269999999999
2019-05,제주시,일도1동,중국 외,8019.65
2019-05,제주시,일도2동,중국,47073.53
2019-05,제주시,일도2동,중국 외,8735.8
2019-05,서귀포시,정방동,중국,40806.91
2019-05,서귀포시,정방동,중국 외,26077.32
2019-05,제주시,조천읍,중국,128522.82
2019-05,제주시,조천읍,중국 외,46954.72
2019-05,서귀포시,중문동,중국,97825.61
2019-05,서귀포시,중문동,중국 외,33947.98
2019-05,서귀포시,중앙동,중국,14401.79
2019-05,서귀포시,중앙동,중국 외,7252.44
2019-05,서귀포시,천지동,중국,21722.58
2019-05,서귀포시,천지동,중국 외,14444.3
2019-05,제주시,추자면,중국,61684.49
2019-05,제주시,추자면,중국 외,6633.63
2019-05,서귀포시,표선면,중국,69431.99
2019-05,서귀포시,표선면,중국 외,37384.49
2019-05,제주시,한경면,중국,28895.6
2019-05,제주시,한경면,중국 외,12443.6
2019-05,제주시,한림읍,중국,92194.86
2019-05,제주시,한림읍,중국 외,27448.67
2019-05,제주시,화북동,중국,7008.47
2019-05,제주시,화북동,중국 외,11481.29
2019-05,서귀포시,효돈동,중국,5516.4
2019-05,서귀포시,효돈동,중국 외,2009.5
2019-06,제주시,건입동,중국,115044.61
2019-06,제주시,건입동,중국 외,47967.37
2019-06,제주시,구좌읍,중국,59218.17
2019-06,제주시,구좌읍,중국 외,21633.46
2019-06,서귀포시,남원읍,중국,117858.98999999999
2019-06,서귀포시,남원읍,중국 외,29531.38
2019-06,제주시,노형동,중국,373440.58999999997
2019-06,제주시,노형동,중국 외,54991.58
2019-06,서귀포시,대륜동,중국,59544.42
2019-06,서귀포시,대륜동,중국 외,27607.93
2019-06,서귀포시,대정읍,중국,26825.79
2019-06,서귀포시,대정읍,중국 외,5441.17
2019-06,서귀포시,대천동,중국,27291.84
2019-06,서귀포시,대천동,중국 외,11638.07
2019-06,제주시,도두동,중국,349372.2
2019-06,제주시,도두동,중국 외,34059.03
2019-06,서귀포시,동홍동,중국,44245.32
2019-06,서귀포시,동홍동,중국 외,12694.58
2019-06,제주시,봉개동,중국,40511.86
2019-06,제주시,봉개동,중국 외,8060.31
2019-06,제주시,삼도1동,중국,15713.310000000001
2019-06,제주시,삼도1동,중국 외,13533.84
2019-06,제주시,삼도2동,중국,107665.64
2019-06,제주시,삼도2동,중국 외,83789.98
2019-06,제주시,삼양동,중국,34181.45
2019-06,제주시,삼양동,중국 외,5536.45
2019-06,서귀포시,서홍동,중국,270564.78
2019-06,서귀포시,서홍동,중국 외,15960.54
2019-06,서귀포시,성산읍,중국,167572.52
2019-06,서귀포시,성산읍,중국 외,56711.08
2019-06,서귀포시,송산동,중국,10304.65
2019-06,서귀포시,송산동,중국 외,9203.97
2019-06,제주시,아라동,중국,31975.51
2019-06,제주시,아라동,중국 외,14909.47
2019-06,서귀포시,안덕면,중국,291184.51
2019-06,서귀포시,안덕면,중국 외,56122.52
2019-06,제주시,애월읍,중국,452082.29
2019-06,제주시,애월읍,중국 외,73588.1
2019-06,제주시,연동,중국,1212281.88
2019-06,제주시,연동,중국 외,223746.41
2019-06,서귀포시,영천동,중국,78967.91
2019-06,서귀포시,영천동,중국 외,8505.2
2019-06,서귀포시,예래동,중국,167290.31
2019-06,서귀포시,예래동,중국 외,103805.98
2019-06,제주시,오라동,중국,43471.2
2019-06,제주시,오라동,중국 외,15544.83
2019-06,제주시,외도동,중국,26755.88
2019-06,제주시,외도동,중국 외,5409.4800000000005
2019-06,제주시,용담1동,중국,14436.89
2019-06,제주시,용담1동,중국 외,6852.92
2019-06,제주시,용담2동,중국,735848.98
2019-06,제주시,용담2동,중국 외,223396.72999999998
2019-06,제주시,우도면,중국,59767.07
2019-06,제주시,우도면,중국 외,8814.92
2019-06,제주시,이도1동,중국,24011.43
2019-06,제주시,이도1동,중국 외,21339.74
2019-06,제주시,이도2동,중국,49863.7
2019-06,제주시,이도2동,중국 외,18493.12
2019-06,제주시,이호동,중국,46614.380000000005
2019-06,제주시,이호동,중국 외,7456.15
2019-06,제주시,일도1동,중국,10576.51
2019-06,제주시,일도1동,중국 외,6962.23
2019-06,제주시,일도2동,중국,40315.07
2019-06,제주시,일도2동,중국 외,3615.57
2019-06,서귀포시,정방동,중국,55531.270000000004
2019-06,서귀포시,정방동,중국 외,44024.25
2019-06,제주시,조천읍,중국,177159.99
2019-06,제주시,조천읍,중국 외,32850.27
2019-06,서귀포시,중문동,중국,147470.65
2019-06,서귀포시,중문동,중국 외,61669.27
2019-06,서귀포시,중앙동,중국,13854.33
2019-06,서귀포시,중앙동,중국 외,9253.08
2019-06,서귀포시,천지동,중국,23863.83
2019-06,서귀포시,천지동,중국 외,15157.05
2019-06,제주시,추자면,중국,57123.58
2019-06,제주시,추자면,중국 외,5531.78
2019-06,서귀포시,표선면,중국,68823.78
2019-06,서귀포시,표선면,중국 외,32387.53
2019-06,제주시,한경면,중국,32899.85
2019-06,제주시,한경면,중국 외,4792.87
2019-06,제주시,한림읍,중국,107127.1
2019-06,제주시,한림읍,중국 외,23957.07
2019-06,제주시,화북동,중국,5996.38
2019-06,제주시,화북동,중국 외,7811.42
2019-06,서귀포시,효돈동,중국,2348.32
2019-06,서귀포시,효돈동,중국 외,1511.01
2019-07,제주시,건입동,중국,144885.88
2019-07,제주시,건입동,중국 외,38075.79
2019-07,제주시,구좌읍,중국,61765.49
2019-07,제주시,구좌읍,중국 외,19957.329999999998
2019-07,서귀포시,남원읍,중국,119115.19
2019-07,서귀포시,남원읍,중국 외,28699.02
2019-07,제주시,노형동,중국,455048.29000000004
2019-07,제주시,노형동,중국 외,34881.89
2019-07,서귀포시,대륜동,중국,63571.36
2019-07,서귀포시,대륜동,중국 외,22907.510000000002
2019-07,서귀포시,대정읍,중국,28986.7
2019-07,서귀포시,대정읍,중국 외,7661.94
2019-07,서귀포시,대천동,중국,19699.32
2019-07,서귀포시,대천동,중국 외,6243.03
2019-07,제주시,도두동,중국,415627.09
2019-07,제주시,도두동,중국 외,24887.1
2019-07,서귀포시,동홍동,중국,66802.41
2019-07,서귀포시,동홍동,중국 외,10358.26
2019-07,제주시,봉개동,중국,42790.0
2019-07,제주시,봉개동,중국 외,10745.78
2019-07,제주시,삼도1동,중국,22757.55
2019-07,제주시,삼도1동,중국 외,18706.920000000002
2019-07,제주시,삼도2동,중국,138168.34
2019-07,제주시,삼도2동,중국 외,56749.979999999996
2019-07,제주시,삼양동,중국,36823.85
2019-07,제주시,삼양동,중국 외,2394.98
2019-07,서귀포시,서홍동,중국,232552.27000000002
2019-07,서귀포시,서홍동,중국 외,17101.67
2019-07,서귀포시,성산읍,중국,209829.81
2019-07,서귀포시,성산읍,중국 외,44427.52
2019-07,서귀포시,송산동,중국,13996.16
2019-07,서귀포시,송산동,중국 외,6741.82
2019-07,제주시,아라동,중국,38238.97
2019-07,제주시,아라동,중국 외,11434.26
2019-07,서귀포시,안덕면,중국,311582.57
2019-07,서귀포시,안덕면,중국 외,53791.8
2019-07,제주시,애월읍,중국,469810.86
2019-07,제주시,애월읍,중국 외,56113.9
2019-07,제주시,연동,중국,1499926.85
2019-07,제주시,연동,중국 외,170969.44999999998
2019-07,서귀포시,영천동,중국,45016.65
2019-07,서귀포시,영천동,중국 외,8529.21
2019-07,서귀포시,예래동,중국,232820.29
2019-07,서귀포시,예래동,중국 외,58738.0
2019-07,제주시,오라동,중국,53009.11
2019-07,제주시,오라동,중국 외,16321.529999999999
2019-07,제주시,외도동,중국,44435.58
2019-07,제주시,외도동,중국 외,10294.05
2019-07,제주시,용담1동,중국,20823.93
2019-07,제주시,용담1동,중국 외,6640.55
2019-07,제주시,용담2동,중국,779279.49
2019-07,제주시,용담2동,중국 외,183586.46
2019-07,제주시,우도면,중국,69011.52
2019-07,제주시,우도면,중국 외,6274.84
2019-07,제주시,이도1동,중국,30742.48
2019-07,제주시,이도1동,중국 외,13855.85
2019-07,제주시,이도2동,중국,43386.11
2019-07,제주시,이도2동,중국 외,17040.6
2019-07,제주시,이호동,중국,56928.95
2019-07,제주시,이호동,중국 외,8039.28
2019-07,제주시,일도1동,중국,15576.62
2019-07,제주시,일도1동,중국 외,4807.18
2019-07,제주시,일도2동,중국,45197.01
2019-07,제주시,일도2동,중국 외,4669.28
2019-07,서귀포시,정방동,중국,48628.42
2019-07,서귀포시,정방동,중국 외,19178.91
2019-07,제주시,조천읍,중국,168452.46
2019-07,제주시,조천읍,중국 외,33092.05
2019-07,서귀포시,중문동,중국,127663.69
2019-07,서귀포시,중문동,중국 외,20868.57
2019-07,서귀포시,중앙동,중국,17470.16
2019-07,서귀포시,중앙동,중국 외,5448.7699999999995
2019-07,서귀포시,천지동,중국,22882.78
2019-07,서귀포시,천지동,중국 외,11368.1
2019-07,제주시,추자면,중국,58819.99
2019-07,제주시,추자면,중국 외,5256.82
2019-07,서귀포시,표선면,중국,74451.70999999999
2019-07,서귀포시,표선면,중국 외,22684.74
2019-07,제주시,한경면,중국,25119.45
2019-07,제주시,한경면,중국 외,7304.09
2019-07,제주시,한림읍,중국,139891.54
2019-07,제주시,한림읍,중국 외,27300.49
2019-07,제주시,화북동,중국,7809.59
2019-07,제주시,화북동,중국 외,2402.08
2019-07,서귀포시,효돈동,중국,5405.11
2019-07,서귀포시,효돈동,중국 외,869.73
2019-08,제주시,건입동,중국,175950.67
2019-08,제주시,건입동,중국 외,48870.36
2019-08,제주시,구좌읍,중국,83551.52
2019-08,제주시,구좌읍,중국 외,25123.2
2019-08,서귀포시,남원읍,중국,159855.57
2019-08,서귀포시,남원읍,중국 외,48347.58
2019-08,제주시,노형동,중국,613356.12
2019-08,제주시,노형동,중국 외,45101.51
2019-08,서귀포시,대륜동,중국,75312.51
2019-08,서귀포시,대륜동,중국 외,24076.31
2019-08,서귀포시,대정읍,중국,36488.5
2019-08,서귀포시,대정읍,중국 외,13352.65
2019-08,서귀포시,대천동,중국,18587.86
2019-08,서귀포시,대천동,중국 외,8681.59
2019-08,제주시,도두동,중국,470937.16
2019-08,제주시,도두동,중국 외,31383.37
2019-08,서귀포시,동홍동,중국,77853.44
2019-08,서귀포시,동홍동,중국 외,10009.86
2019-08,제주시,봉개동,중국,62047.42
2019-08,제주시,봉개동,중국 외,20068.88
2019-08,제주시,삼도1동,중국,56209.880000000005
2019-08,제주시,삼도1동,중국 외,11897.0
2019-08,제주시,삼도2동,중국,178451.04
2019-08,제주시,삼도2동,중국 외,72659.37
2019-08,제주시,삼양동,중국,33536.73
2019-08,제주시,삼양동,중국 외,4358.7699999999995
2019-08,서귀포시,서홍동,중국,261158.09
2019-08,서귀포시,서홍동,중국 외,24923.44
2019-08,서귀포시,성산읍,중국,256646.81
2019-08,서귀포시,성산읍,중국 외,43936.03
2019-08,서귀포시,송산동,중국,20857.46
2019-08,서귀포시,송산동,중국 외,6000.03
2019-08,제주시,아라동,중국,55081.42
2019-08,제주시,아라동,중국 외,16694.57
2019-08,서귀포시,안덕면,중국,403115.56
2019-08,서귀포시,안덕면,중국 외,94723.49
2019-08,제주시,애월읍,중국,522891.84
2019-08,제주시,애월읍,중국 외,74795.35
2019-08,제주시,연동,중국,1818954.81
2019-08,제주시,연동,중국 외,168996.16
2019-08,서귀포시,영천동,중국,43256.7
2019-08,서귀포시,영천동,중국 외,9852.52
2019-08,서귀포시,예래동,중국,268910.22
2019-08,서귀포시,예래동,중국 외,94546.88
2019-08,제주시,오라동,중국,85288.59999999999
2019-08,제주시,오라동,중국 외,20311.28
2019-08,제주시,외도동,중국,31320.39
2019-08,제주시,외도동,중국 외,25331.5
2019-08,제주시,용담1동,중국,22992.64
2019-08,제주시,용담1동,중국 외,5600.7
2019-08,제주시,용담2동,중국,939678.22
2019-08,제주시,용담2동,중국 외,198716.44999999998
2019-08,제주시,우도면,중국,97640.78
2019-08,제주시,우도면,중국 외,14009.4
2019-08,제주시,이도1동,중국,33394.75
2019-08,제주시,이도1동,중국 외,17677.65
2019-08,제주시,이도2동,중국,71224.72
2019-08,제주시,이도2동,중국 외,16743.98
2019-08,제주시,이호동,중국,64088.8
2019-08,제주시,이호동,중국 외,13471.43
2019-08,제주시,일도1동,중국,19612.34
2019-08,제주시,일도1동,중국 외,6631.32
2019-08,제주시,일도2동,중국,49865.15
2019-08,제주시,일도2동,중국 외,7383.55
2019-08,서귀포시,정방동,중국,60442.22
2019-08,서귀포시,정방동,중국 외,18587.81
2019-08,제주시,조천읍,중국,216182.08000000002
2019-08,제주시,조천읍,중국 외,39190.659999999996
2019-08,서귀포시,중문동,중국,164808.1
2019-08,서귀포시,중문동,중국 외,18288.73
2019-08,서귀포시,중앙동,중국,14669.97
2019-08,서귀포시,중앙동,중국 외,4434.27
2019-08,서귀포시,천지동,중국,29415.97
2019-08,서귀포시,천지동,중국 외,10615.88
2019-08,제주시,추자면,중국,84020.65
2019-08,제주시,추자면,중국 외,8476.369999999999
2019-08,서귀포시,표선면,중국,81195.7
2019-08,서귀포시,표선면,중국 외,27859.97
2019-08,제주시,한경면,중국,30889.31
2019-08,제주시,한경면,중국 외,5366.72
2019-08,제주시,한림읍,중국,136627.06
2019-08,제주시,한림읍,중국 외,28779.49
2019-08,제주시,화북동,중국,6248.37
2019-08,제주시,화북동,중국 외,10156.31
2019-08,서귀포시,효돈동,중국,7962.6
2019-08,서귀포시,효돈동,중국 외,1506.7
2019-09,제주시,건입동,중국,125251.47
2019-09,제주시,건입동,중국 외,36328.7
2019-09,제주시,구좌읍,중국,50378.03
2019-09,제주시,구좌읍,중국 외,23619.89
2019-09,서귀포시,남원읍,중국,186854.45
2019-09,서귀포시,남원읍,중국 외,42888.69
2019-09,제주시,노형동,중국,504542.23
2019-09,제주시,노형동,중국 외,50349.25
2019-09,서귀포시,대륜동,중국,63305.25
2019-09,서귀포시,대륜동,중국 외,22816.27
2019-09,서귀포시,대정읍,중국,34497.65
2019-09,서귀포시,대정읍,중국 외,7473.03
2019-09,서귀포시,대천동,중국,15913.31
2019-09,서귀포시,대천동,중국 외,8026.46
2019-09,제주시,도두동,중국,334786.16
2019-09,제주시,도두동,중국 외,33952.11
2019-09,서귀포시,동홍동,중국,55858.82
2019-09,서귀포시,동홍동,중국 외,9599.94
2019-09,제주시,봉개동,중국,68386.33
2019-09,제주시,봉개동,중국 외,9764.85
2019-09,제주시,삼도1동,중국,34803.33
2019-09,제주시,삼도1동,중국 외,15013.03
2019-09,제주시,삼도2동,중국,111322.63
2019-09,제주시,삼도2동,중국 외,55745.28
2019-09,제주시,삼양동,중국,18581.98
2019-09,제주시,삼양동,중국 외,7073.29
2019-09,서귀포시,서홍동,중국,373998.06
2019-09,서귀포시,서홍동,중국 외,18258.39
2019-09,서귀포시,성산읍,중국,181317.22
2019-09,서귀포시,성산읍,중국 외,45854.17
2019-09,서귀포시,송산동,중국,12007.880000000001
2019-09,서귀포시,송산동,중국 외,7096.5
2019-09,제주시,아라동,중국,43912.07
2019-09,제주시,아라동,중국 외,13432.56
2019-09,서귀포시,안덕면,중국,219887.25
2019-09,서귀포시,안덕면,중국 외,50985.91
2019-09,제주시,애월읍,중국,459920.05
2019-09,제주시,애월읍,중국 외,67507.95
2019-09,제주시,연동,중국,1581937.78
2019-09,제주시,연동,중국 외,188073.53
2019-09,서귀포시,영천동,중국,43437.12
2019-09,서귀포시,영천동,중국 외,9016.51
2019-09,서귀포시,예래동,중국,150938.98
2019-09,서귀포시,예래동,중국 외,49418.6
2019-09,제주시,오라동,중국,47239.12
2019-09,제주시,오라동,중국 외,25777.25
2019-09,제주시,외도동,중국,26583.31
2019-09,제주시,외도동,중국 외,23300.26
2019-09,제주시,용담1동,중국,16294.22
2019-09,제주시,용담1동,중국 외,7983.09
2019-09,제주시,용담2동,중국,806175.65
2019-09,제주시,용담2동,중국 외,196908.93
2019-09,제주시,우도면,중국,54412.81
2019-09,제주시,우도면,중국 외,5263.46
2019-09,제주시,이도1동,중국,28976.9
2019-09,제주시,이도1동,중국 외,18142.31
2019-09,제주시,이도2동,중국,48661.619999999995
2019-09,제주시,이도2동,중국 외,28035.45
2019-09,제주시,이호동,중국,41048.26
2019-09,제주시,이호동,중국 외,12258.4
2019-09,제주시,일도1동,중국,15160.91
2019-09,제주시,일도1동,중국 외,6657.2300000000005
2019-09,제주시,일도2동,중국,48421.79
2019-09,제주시,일도2동,중국 외,5102.57
2019-09,서귀포시,정방동,중국,41147.02
2019-09,서귀포시,정방동,중국 외,28449.9
2019-09,제주시,조천읍,중국,119653.16
2019-09,제주시,조천읍,중국 외,26610.99
2019-09,서귀포시,중문동,중국,105698.43
2019-09,서귀포시,중문동,중국 외,18204.97
2019-09,서귀포시,중앙동,중국,13127.08
2019-09,서귀포시,중앙동,중국 외,5210.36
2019-09,서귀포시,천지동,중국,23101.1
2019-09,서귀포시,천지동,중국 외,8671.48
2019-09,제주시,추자면,중국,60321.51
2019-09,제주시,추자면,중국 외,7990.16
2019-09,서귀포시,표선면,중국,73843.59
2019-09,서귀포시,표선면,중국 외,27987.45
2019-09,제주시,한경면,중국,27521.46
2019-09,제주시,한경면,중국 외,3758.86
2019-09,제주시,한림읍,중국,76462.9
2019-09,제주시,한림읍,중국 외,22065.12
2019-09,제주시,화북동,중국,9141.68
2019-09,제주시,화북동,중국 외,3271.92
2019-09,서귀포시,효돈동,중국,6661.11
2019-09,서귀포시,효돈동,중국 외,1424.6200000000001
2019-10,제주시,건입동,중국,135754.56
2019-10,제주시,건입동,중국 외,44048.78
2019-10,제주시,구좌읍,중국,70568.28
2019-10,제주시,구좌읍,중국 외,23993.86
2019-10,서귀포시,남원읍,중국,157560.11
2019-10,서귀포시,남원읍,중국 외,45922.84
2019-10,제주시,노형동,중국,539759.39
2019-10,제주시,노형동,중국 외,69727.91
2019-10,서귀포시,대륜동,중국,110398.59999999999
2019-10,서귀포시,대륜동,중국 외,33009.98
2019-10,서귀포시,대정읍,중국,35941.3
2019-10,서귀포시,대정읍,중국 외,6056.7300000000005
2019-10,서귀포시,대천동,중국,24304.95
2019-10,서귀포시,대천동,중국 외,11750.42
2019-10,제주시,도두동,중국,342902.69
2019-10,제주시,도두동,중국 외,42918.99
2019-10,서귀포시,동홍동,중국,60462.59
2019-10,서귀포시,동홍동,중국 외,9456.86
2019-10,제주시,봉개동,중국,32774.17
2019-10,제주시,봉개동,중국 외,12497.78
2019-10,제주시,삼도1동,중국,41704.25
2019-10,제주시,삼도1동,중국 외,23527.14
2019-10,제주시,삼도2동,중국,131472.91
2019-10,제주시,삼도2동,중국 외,90113.65
2019-10,제주시,삼양동,중국,15725.23
2019-10,제주시,삼양동,중국 외,5436.47
2019-10,서귀포시,서홍동,중국,537774.91
2019-10,서귀포시,서홍동,중국 외,23403.3
2019-10,서귀포시,성산읍,중국,203021.68
2019-10,서귀포시,성산읍,중국 외,72725.2
2019-10,서귀포시,송산동,중국,17032.49
2019-10,서귀포시,송산동,중국 외,6977.93
2019-10,제주시,아라동,중국,41626.65
2019-10,제주시,아라동,중국 외,21133.05
2019-10,서귀포시,안덕면,중국,321623.8
2019-10,서귀포시,안덕면,중국 외,70185.24
2019-10,제주시,애월읍,중국,516848.72
2019-10,제주시,애월읍,중국 외,94921.6
2019-10,제주시,연동,중국,1656771.28
2019-10,제주시,연동,중국 외,210255.58
2019-10,서귀포시,영천동,중국,61774.58
2019-10,서귀포시,영천동,중국 외,10344.33
2019-10,서귀포시,예래동,중국,185848.09
2019-10,서귀포시,예래동,중국 외,55402.33
2019-10,제주시,오라동,중국,51812.29
2019-10,제주시,오라동,중국 외,28089.76
2019-10,제주시,외도동,중국,27495.62
2019-10,제주시,외도동,중국 외,19367.5
2019-10,제주시,용담1동,중국,18062.34
2019-10,제주시,용담1동,중국 외,8601.38
2019-10,제주시,용담2동,중국,879090.49
2019-10,제주시,용담2동,중국 외,226182.06
2019-10,제주시,우도면,중국,58847.26
2019-10,제주시,우도면,중국 외,12909.38
2019-10,제주시,이도1동,중국,36799.54
2019-10,제주시,이도1동,중국 외,21596.34
2019-10,제주시,이도2동,중국,47918.62
2019-10,제주시,이도2동,중국 외,38409.24
2019-10,제주시,이호동,중국,37723.57
2019-10,제주시,이호동,중국 외,18622.41
2019-10,제주시,일도1동,중국,16813.83
2019-10,제주시,일도1동,중국 외,8744.84
2019-10,제주시,일도2동,중국,47963.3
2019-10,제주시,일도2동,중국 외,6264.91
2019-10,서귀포시,정방동,중국,62167.24
2019-10,서귀포시,정방동,중국 외,25998.19
2019-10,제주시,조천읍,중국,136871.41
2019-10,제주시,조천읍,중국 외,43216.26
2019-10,서귀포시,중문동,중국,95731.44
2019-10,서귀포시,중문동,중국 외,25604.75
2019-10,서귀포시,중앙동,중국,16724.48
2019-10,서귀포시,중앙동,중국 외,5661.9400000000005
2019-10,서귀포시,천지동,중국,29019.23
2019-10,서귀포시,천지동,중국 외,16921.11
2019-10,제주시,추자면,중국,29879.8
2019-10,제주시,추자면,중국 외,12634.43
2019-10,서귀포시,표선면,중국,73648.44
2019-10,서귀포시,표선면,중국 외,40598.95
2019-10,제주시,한경면,중국,29023.92
2019-10,제주시,한경면,중국 외,7457.3
2019-10,제주시,한림읍,중국,109401.67
2019-10,제주시,한림읍,중국 외,29126.21
2019-10,제주시,화북동,중국,7519.3099999999995
2019-10,제주시,화북동,중국 외,6784.22
2019-10,서귀포시,효돈동,중국,13171.74
2019-10,서귀포시,효돈동,중국 외,2025.65
2019-11,제주시,건입동,중국,83737.68
2019-11,제주시,건입동,중국 외,33887.04
2019-11,제주시,구좌읍,중국,37549.58
2019-11,제주시,구좌읍,중국 외,18863.37
2019-11,서귀포시,남원읍,중국,242706.2
2019-11,서귀포시,남원읍,중국 외,41413.409999999996
2019-11,제주시,노형동,중국,479045.2
2019-11,제주시,노형동,중국 외,65556.28
2019-11,서귀포시,대륜동,중국,82301.06999999999
2019-11,서귀포시,대륜동,중국 외,26585.61
2019-11,서귀포시,대정읍,중국,28581.88
2019-11,서귀포시,대정읍,중국 외,6671.19
2019-11,서귀포시,대천동,중국,20815.69
2019-11,서귀포시,대천동,중국 외,11518.01
2019-11,제주시,도두동,중국,320079.02999999997
2019-11,제주시,도두동,중국 외,44708.21
2019-11,서귀포시,동홍동,중국,53479.35
2019-11,서귀포시,동홍동,중국 외,11118.6
2019-11,제주시,봉개동,중국,31203.53
2019-11,제주시,봉개동,중국 외,7696.96
2019-11,제주시,삼도1동,중국,18062.35
2019-11,제주시,삼도1동,중국 외,18758.25
2019-11,제주시,삼도2동,중국,108244.84
2019-11,제주시,삼도2동,중국 외,62077.479999999996
2019-11,제주시,삼양동,중국,23065.850000000002
2019-11,제주시,삼양동,중국 외,4431.64
2019-11,서귀포시,서홍동,중국,479842.27999999997
2019-11,서귀포시,서홍동,중국 외,20172.32
2019-11,서귀포시,성산읍,중국,127685.04
2019-11,서귀포시,성산읍,중국 외,54499.54
2019-11,서귀포시,송산동,중국,10409.03
2019-11,서귀포시,송산동,중국 외,6467.46
2019-11,제주시,아라동,중국,35069.0
2019-11,제주시,아라동,중국 외,13176.72
2019-11,서귀포시,안덕면,중국,240481.9
2019-11,서귀포시,안덕면,중국 외,55703.75
2019-11,제주시,애월읍,중국,473258.77
2019-11,제주시,애월읍,중국 외,66738.9
2019-11,제주시,연동,중국,1504405.06
2019-11,제주시,연동,중국 외,147515.05
2019-11,서귀포시,영천동,중국,41203.45
2019-11,서귀포시,영천동,중국 외,5359.03
2019-11,서귀포시,예래동,중국,86349.93
2019-11,서귀포시,예래동,중국 외,45461.92
2019-11,제주시,오라동,중국,40570.93
2019-11,제주시,오라동,중국 외,28665.67
2019-11,제주시,외도동,중국,22339.31
2019-11,제주시,외도동,중국 외,20652.170000000002
2019-11,제주시,용담1동,중국,21626.88
2019-11,제주시,용담1동,중국 외,4999.51
2019-11,제주시,용담2동,중국,727053.48
2019-11,제주시,용담2동,중국 외,171511.63
2019-11,제주시,우도면,중국,42642.39
2019-11,제주시,우도면,중국 외,6718.35
2019-11,제주시,이도1동,중국,25339.510000000002
2019-11,제주시,이도1동,중국 외,13361.82
2019-11,제주시,이도2동,중국,38424.27
2019-11,제주시,이도2동,중국 외,25857.66
2019-11,제주시,이호동,중국,39738.61
2019-11,제주시,이호동,중국 외,16537.49
2019-11,제주시,일도1동,중국,11231.960000000001
2019-11,제주시,일도1동,중국 외,6208.08
2019-11,제주시,일도2동,중국,41979.33
2019-11,제주시,일도2동,중국 외,3955.76
2019-11,서귀포시,정방동,중국,41934.67
2019-11,서귀포시,정방동,중국 외,20792.33
2019-11,제주시,조천읍,중국,72736.15
2019-11,제주시,조천읍,중국 외,37615.69
2019-11,서귀포시,중문동,중국,103878.56
2019-11,서귀포시,중문동,중국 외,19152.54
2019-11,서귀포시,중앙동,중국,15092.72
2019-11,서귀포시,중앙동,중국 외,4518.18
2019-11,서귀포시,천지동,중국,25696.9
2019-11,서귀포시,천지동,중국 외,12730.78
2019-11,제주시,추자면,중국,33164.49
2019-11,제주시,추자면,중국 외,4978.04
2019-11,서귀포시,표선면,중국,68950.61
2019-11,서귀포시,표선면,중국 외,32594.96
2019-11,제주시,한경면,중국,19997.44
2019-11,제주시,한경면,중국 외,5161.75
2019-11,제주시,한림읍,중국,90255.37
2019-11,제주시,한림읍,중국 외,14789.539999999999
2019-11,제주시,화북동,중국,2720.4
2019-11,제주시,화북동,중국 외,3609.47
2019-11,서귀포시,효돈동,중국,8292.89
2019-11,서귀포시,효돈동,중국 외,1635.43
2019-12,제주시,건입동,중국,87177.58
2019-12,제주시,건입동,중국 외,33955.47
2019-12,제주시,구좌읍,중국,30667.45
2019-12,제주시,구좌읍,중국 외,19714.27
2019-12,서귀포시,남원읍,중국,157101.62
2019-12,서귀포시,남원읍,중국 외,37794.77
2019-12,제주시,노형동,중국,512313.13
2019-12,제주시,노형동,중국 외,83267.58
2019-12,서귀포시,대륜동,중국,101299.22
2019-12,서귀포시,대륜동,중국 외,19461.69
2019-12,서귀포시,대정읍,중국,24622.350000000002
2019-12,서귀포시,대정읍,중국 외,7001.17
2019-12,서귀포시,대천동,중국,29964.44
2019-12,서귀포시,대천동,중국 외,10392.51
2019-12,제주시,도두동,중국,319789.82
2019-12,제주시,도두동,중국 외,55426.88
2019-12,서귀포시,동홍동,중국,72134.24
2019-12,서귀포시,동홍동,중국 외,8332.61
2019-12,제주시,봉개동,중국,27749.53
2019-12,제주시,봉개동,중국 외,7732.06
2019-12,제주시,삼도1동,중국,39256.6
2019-12,제주시,삼도1동,중국 외,22338.39
2019-12,제주시,삼도2동,중국,96737.79
2019-12,제주시,삼도2동,중국 외,55658.94
2019-12,제주시,삼양동,중국,15692.3
2019-12,제주시,삼양동,중국 외,8772.97
2019-12,서귀포시,서홍동,중국,386563.19
2019-12,서귀포시,서홍동,중국 외,26854.54
2019-12,서귀포시,성산읍,중국,115035.27
2019-12,서귀포시,성산읍,중국 외,56919.73
2019-12,서귀포시,송산동,중국,7829.67
2019-12,서귀포시,송산동,중국 외,3936.57
2019-12,제주시,아라동,중국,28969.850000000002
2019-12,제주시,아라동,중국 외,15936.98
2019-12,서귀포시,안덕면,중국,258064.6
2019-12,서귀포시,안덕면,중국 외,51256.32
2019-12,제주시,애월읍,중국,481255.37
2019-12,제주시,애월읍,중국 외,69512.53
2019-12,제주시,연동,중국,1550868.29
2019-12,제주시,연동,중국 외,172523.46
2019-12,서귀포시,영천동,중국,26075.440000000002
2019-12,서귀포시,영천동,중국 외,5931.15
2019-12,서귀포시,예래동,중국,91536.81
2019-12,서귀포시,예래동,중국 외,29685.93
2019-12,제주시,오라동,중국,46705.38
2019-12,제주시,오라동,중국 외,25621.44
2019-12,제주시,외도동,중국,25092.61
2019-12,제주시,외도동,중국 외,22369.0
2019-12,제주시,용담1동,중국,15786.35
2019-12,제주시,용담1동,중국 외,6524.99
2019-12,제주시,용담2동,중국,780742.11
2019-12,제주시,용담2동,중국 외,187814.49
2019-12,제주시,우도면,중국,37102.83
2019-12,제주시,우도면,중국 외,4460.87
2019-12,제주시,이도1동,중국,21490.49
2019-12,제주시,이도1동,중국 외,15281.37
2019-12,제주시,이도2동,중국,40606.22
2019-12,제주시,이도2동,중국 외,32655.329999999998
2019-12,제주시,이호동,중국,46573.71
2019-12,제주시,이호동,중국 외,16202.48
2019-12,제주시,일도1동,중국,12496.93
2019-12,제주시,일도1동,중국 외,6056.41
2019-12,제주시,일도2동,중국,46164.6
2019-12,제주시,일도2동,중국 외,6089.15
2019-12,서귀포시,정방동,중국,33559.5
2019-12,서귀포시,정방동,중국 외,26670.02
2019-12,제주시,조천읍,중국,82957.05
2019-12,제주시,조천읍,중국 외,44099.9
2019-12,서귀포시,중문동,중국,104275.93
2019-12,서귀포시,중문동,중국 외,16882.06
2019-12,서귀포시,중앙동,중국,13646.69
2019-12,서귀포시,중앙동,중국 외,3521.61
2019-12,서귀포시,천지동,중국,19978.629999999997
2019-12,서귀포시,천지동,중국 외,13417.92
2019-12,제주시,추자면,중국,40112.45
2019-12,제주시,추자면,중국 외,7033.83
2019-12,서귀포시,표선면,중국,64732.46
2019-12,서귀포시,표선면,중국 외,42195.89
2019-12,제주시,한경면,중국,17686.15
2019-12,제주시,한경면,중국 외,7362.38
2019-12,제주시,한림읍,중국,79133.92
2019-12,제주시,한림읍,중국 외,17464.24
2019-12,제주시,화북동,중국,7632.17
2019-12,제주시,화북동,중국 외,2492.59
2019-12,서귀포시,효돈동,중국,3733.8
2019-12,서귀포시,효돈동,중국 외,1720.42
2020-01,제주시,건입동,중국,117534.64
2020-01,제주시,건입동,중국 외,41548.35
2020-01,제주시,구좌읍,중국,39936.09
2020-01,제주시,구좌읍,중국 외,23022.12
2020-01,서귀포시,남원읍,중국,93612.97
2020-01,서귀포시,남원읍,중국 외,75951.55
2020-01,제주시,노형동,중국,547828.89
2020-01,제주시,노형동,중국 외,110073.75
2020-01,서귀포시,대륜동,중국,50161.72
2020-01,서귀포시,대륜동,중국 외,28823.9
2020-01,서귀포시,대정읍,중국,31396.36
2020-01,서귀포시,대정읍,중국 외,14918.68
2020-01,서귀포시,대천동,중국,19731.76
2020-01,서귀포시,대천동,중국 외,15482.02
2020-01,제주시,도두동,중국,302319.99
2020-01,제주시,도두동,중국 외,73677.94
2020-01,서귀포시,동홍동,중국,44782.06
2020-01,서귀포시,동홍동,중국 외,18478.96
2020-01,제주시,봉개동,중국,14420.26
2020-01,제주시,봉개동,중국 외,16122.79
2020-01,제주시,삼도1동,중국,27472.08
2020-01,제주시,삼도1동,중국 외,33841.05
2020-01,제주시,삼도2동,중국,94743.93
2020-01,제주시,삼도2동,중국 외,78750.94
2020-01,제주시,삼양동,중국,12398.17
2020-01,제주시,삼양동,중국 외,5946.26
2020-01,서귀포시,서홍동,중국,226764.68
2020-01,서귀포시,서홍동,중국 외,74258.77
2020-01,서귀포시,성산읍,중국,136236.56
2020-01,서귀포시,성산읍,중국 외,62501.45
2020-01,서귀포시,송산동,중국,11220.2
2020-01,서귀포시,송산동,중국 외,6519.71
2020-01,제주시,아라동,중국,29204.96
2020-01,제주시,아라동,중국 외,17403.85
2020-01,서귀포시,안덕면,중국,199870.99
2020-01,서귀포시,안덕면,중국 외,86334.35
2020-01,제주시,애월읍,중국,424580.69
2020-01,제주시,애월읍,중국 외,139945.22
2020-01,제주시,연동,중국,1556845.17
2020-01,제주시,연동,중국 외,297752.69
2020-01,서귀포시,영천동,중국,25261.93
2020-01,서귀포시,영천동,중국 외,15313.35
2020-01,서귀포시,예래동,중국,109041.94
2020-01,서귀포시,예래동,중국 외,36371.99
2020-01,제주시,오라동,중국,51741.77
2020-01,제주시,오라동,중국 외,32961.79
2020-01,제주시,외도동,중국,34102.65
2020-01,제주시,외도동,중국 외,26534.61
2020-01,제주시,용담1동,중국,17086.579999999998
2020-01,제주시,용담1동,중국 외,10591.710000000001
2020-01,제주시,용담2동,중국,765548.3
2020-01,제주시,용담2동,중국 외,231417.44
2020-01,제주시,우도면,중국,32731.82
2020-01,제주시,우도면,중국 외,9755.86
2020-01,제주시,이도1동,중국,25029.14
2020-01,제주시,이도1동,중국 외,16471.51
2020-01,제주시,이도2동,중국,51337.35
2020-01,제주시,이도2동,중국 외,27267.06
2020-01,제주시,이호동,중국,44126.05
2020-01,제주시,이호동,중국 외,21094.670000000002
2020-01,제주시,일도1동,중국,16082.58
2020-01,제주시,일도1동,중국 외,8132.59
2020-01,제주시,일도2동,중국,50321.61
2020-01,제주시,일도2동,중국 외,11881.47
2020-01,서귀포시,정방동,중국,39458.77
2020-01,서귀포시,정방동,중국 외,33200.25
2020-01,제주시,조천읍,중국,100986.5
2020-01,제주시,조천읍,중국 외,44136.15
2020-01,서귀포시,중문동,중국,96305.16
2020-01,서귀포시,중문동,중국 외,38707.82
2020-01,서귀포시,중앙동,중국,12974.24
2020-01,서귀포시,중앙동,중국 외,6955.64
2020-01,서귀포시,천지동,중국,21330.61
2020-01,서귀포시,천지동,중국 외,15157.8
2020-01,제주시,추자면,중국,15544.15
2020-01,제주시,추자면,중국 외,15162.81
2020-01,서귀포시,표선면,중국,59980.57
2020-01,서귀포시,표선면,중국 외,30381.6
2020-01,제주시,한경면,중국,22388.66
2020-01,제주시,한경면,중국 외,7533.76
2020-01,제주시,한림읍,중국,79815.81
2020-01,제주시,한림읍,중국 외,32942.6
2020-01,제주시,화북동,중국,8462.18
2020-01,제주시,화북동,중국 외,5095.81
2020-01,서귀포시,효돈동,중국,4620.22
2020-01,서귀포시,효돈동,중국 외,1811.13
2020-02,제주시,건입동,중국,13018.92
2020-02,제주시,건입동,중국 외,22525.9
2020-02,제주시,구좌읍,중국,7002.06
2020-02,제주시,구좌읍,중국 외,17417.24
2020-02,서귀포시,남원읍,중국,30582.809999999998
2020-02,서귀포시,남원읍,중국 외,47428.7
2020-02,제주시,노형동,중국,69547.86
2020-02,제주시,노형동,중국 외,46251.97
2020-02,서귀포시,대륜동,중국,6092.13
2020-02,서귀포시,대륜동,중국 외,18860.66
2020-02,서귀포시,대정읍,중국,11878.56
2020-02,서귀포시,대정읍,중국 외,6897.32
2020-02,서귀포시,대천동,중국,2607.57
2020-02,서귀포시,대천동,중국 외,10060.41
2020-02,제주시,도두동,중국,23888.77
2020-02,제주시,도두동,중국 외,28531.96
2020-02,서귀포시,동홍동,중국,26301.170000000002
2020-02,서귀포시,동홍동,중국 외,10457.37
2020-02,제주시,봉개동,중국,5125.73
2020-02,제주시,봉개동,중국 외,11710.11
2020-02,제주시,삼도1동,중국,9047.64
2020-02,제주시,삼도1동,중국 외,23357.76
2020-02,제주시,삼도2동,중국,14798.83
2020-02,제주시,삼도2동,중국 외,41758.89
2020-02,제주시,삼양동,중국,2635.78
2020-02,제주시,삼양동,중국 외,2900.2
2020-02,서귀포시,서홍동,중국,68795.44
2020-02,서귀포시,서홍동,중국 외,42739.74
2020-02,서귀포시,성산읍,중국,25706.28
2020-02,서귀포시,성산읍,중국 외,35042.43
2020-02,서귀포시,송산동,중국,2271.32
2020-02,서귀포시,송산동,중국 외,4325.23
2020-02,제주시,아라동,중국,11182.57
2020-02,제주시,아라동,중국 외,9849.16
2020-02,서귀포시,안덕면,중국,46557.26
2020-02,서귀포시,안덕면,중국 외,39772.34
2020-02,제주시,애월읍,중국,54478.63
2020-02,제주시,애월읍,중국 외,79259.99
2020-02,제주시,연동,중국,183814.22
2020-02,제주시,연동,중국 외,91602.64
2020-02,서귀포시,영천동,중국,5713.55
2020-02,서귀포시,영천동,중국 외,13189.19
2020-02,서귀포시,예래동,중국,16623.37
2020-02,서귀포시,예래동,중국 외,19321.82
2020-02,제주시,오라동,중국,13136.47
2020-02,제주시,오라동,중국 외,24246.99
2020-02,제주시,외도동,중국,5396.13
2020-02,제주시,외도동,중국 외,20685.79
2020-02,제주시,용담1동,중국,3185.95
2020-02,제주시,용담1동,중국 외,4780.07
2020-02,제주시,용담2동,중국,50925.87
2020-02,제주시,용담2동,중국 외,111342.1
2020-02,제주시,우도면,중국,5972.19
2020-02,제주시,우도면,중국 외,10345.210000000001
2020-02,제주시,이도1동,중국,4573.17
2020-02,제주시,이도1동,중국 외,13093.85
2020-02,제주시,이도2동,중국,13246.98
2020-02,제주시,이도2동,중국 외,22359.99
2020-02,제주시,이호동,중국,4671.92
2020-02,제주시,이호동,중국 외,13140.62
2020-02,제주시,일도1동,중국,1142.75
2020-02,제주시,일도1동,중국 외,1672.37
2020-02,제주시,일도2동,중국,6684.63
2020-02,제주시,일도2동,중국 외,5456.12
2020-02,서귀포시,정방동,중국,9863.51
2020-02,서귀포시,정방동,중국 외,11439.99
2020-02,제주시,조천읍,중국,12231.24
2020-02,제주시,조천읍,중국 외,25706.07
2020-02,서귀포시,중문동,중국,15313.73
2020-02,서귀포시,중문동,중국 외,25060.9
2020-02,서귀포시,중앙동,중국,4827.13
2020-02,서귀포시,중앙동,중국 외,3742.62
2020-02,서귀포시,천지동,중국,3228.28
2020-02,서귀포시,천지동,중국 외,8445.81
2020-02,제주시,추자면,중국,6851.54
2020-02,제주시,추자면,중국 외,10583.25
2020-02,서귀포시,표선면,중국,10637.08
2020-02,서귀포시,표선면,중국 외,16331.88
2020-02,제주시,한경면,중국,6331.91
2020-02,제주시,한경면,중국 외,4929.61
2020-02,제주시,한림읍,중국,38120.94
2020-02,제주시,한림읍,중국 외,22131.98
2020-02,제주시,화북동,중국,2969.64
2020-02,제주시,화북동,중국 외,2290.29
2020-02,서귀포시,효돈동,중국,2043.22
2020-02,서귀포시,효돈동,중국 외,602.07
2020-03,제주시,건입동,중국,1951.54
2020-03,제주시,건입동,중국 외,3323.88
2020-03,제주시,구좌읍,중국,4836.53
2020-03,제주시,구좌읍,중국 외,4086.8
2020-03,서귀포시,남원읍,중국,23813.55
2020-03,서귀포시,남원읍,중국 외,42502.26
2020-03,제주시,노형동,중국,15934.48
2020-03,제주시,노형동,중국 외,8045.75
2020-03,서귀포시,대륜동,중국,4152.32
2020-03,서귀포시,대륜동,중국 외,4520.67
2020-03,서귀포시,대정읍,중국,7890.79
2020-03,서귀포시,대정읍,중국 외,4573.88
2020-03,서귀포시,대천동,중국,2344.19
2020-03,서귀포시,대천동,중국 외,1839.01
2020-03,제주시,도두동,중국,3867.82
2020-03,제주시,도두동,중국 외,1519.35
2020-03,서귀포시,동홍동,중국,6936.16
2020-03,서귀포시,동홍동,중국 외,1658.95
2020-03,제주시,봉개동,중국,4660.17
2020-03,제주시,봉개동,중국 외,9290.86
2020-03,제주시,삼도1동,중국,561.99
2020-03,제주시,삼도1동,중국 외,2394.39
2020-03,제주시,삼도2동,중국,2137.33
2020-03,제주시,삼도2동,중국 외,4464.97
2020-03,제주시,삼양동,중국,2012.66
2020-03,제주시,삼양동,중국 외,1561.6299999999999
2020-03,서귀포시,서홍동,중국,140673.38
2020-03,서귀포시,서홍동,중국 외,58132.9
2020-03,서귀포시,성산읍,중국,8520.96
2020-03,서귀포시,성산읍,중국 외,8628.82
2020-03,서귀포시,송산동,중국,1133.32
2020-03,서귀포시,송산동,중국 외,1750.45
2020-03,제주시,아라동,중국,7549.87
2020-03,제주시,아라동,중국 외,3873.93
2020-03,서귀포시,안덕면,중국,9341.57
2020-03,서귀포시,안덕면,중국 외,9004.78
2020-03,제주시,애월읍,중국,75597.62
2020-03,제주시,애월읍,중국 외,60597.05
2020-03,제주시,연동,중국,47116.86
2020-03,제주시,연동,중국 외,13217.949999999999
2020-03,서귀포시,영천동,중국,5537.21
2020-03,서귀포시,영천동,중국 외,8508.42
2020-03,서귀포시,예래동,중국,3016.63
2020-03,서귀포시,예래동,중국 외,1350.68
2020-03,제주시,오라동,중국,1438.98
2020-03,제주시,오라동,중국 외,4822.76
2020-03,제주시,외도동,중국,1598.91
2020-03,제주시,외도동,중국 외,1156.55
2020-03,제주시,용담1동,중국,1662.33
2020-03,제주시,용담1동,중국 외,2160.23
2020-03,제주시,용담2동,중국,4979.97
2020-03,제주시,용담2동,중국 외,9394.62
2020-03,제주시,우도면,중국,5492.57
2020-03,제주시,우도면,중국 외,6853.12
2020-03,제주시,이도1동,중국,1923.33
2020-03,제주시,이도1동,중국 외,1208.02
2020-03,제주시,이도2동,중국,8878.32
2020-03,제주시,이도2동,중국 외,5008.18
2020-03,제주시,이호동,중국,2546.46
2020-03,제주시,이호동,중국 외,655.83
2020-03,제주시,일도1동,중국,634.85
2020-03,제주시,일도1동,중국 외,481.61
2020-03,제주시,일도2동,중국,2233.66
2020-03,제주시,일도2동,중국 외,1175.38
2020-03,서귀포시,정방동,중국,5113.99
2020-03,서귀포시,정방동,중국 외,2298.1
2020-03,제주시,조천읍,중국,10230.31
2020-03,제주시,조천읍,중국 외,7568.1
2020-03,서귀포시,중문동,중국,16966.66
2020-03,서귀포시,중문동,중국 외,15308.59
2020-03,서귀포시,중앙동,중국,5497.2300000000005
2020-03,서귀포시,중앙동,중국 외,824.48
2020-03,서귀포시,천지동,중국,2351.26
2020-03,서귀포시,천지동,중국 외,1273.78
2020-03,제주시,추자면,중국,4991.72
2020-03,제주시,추자면,중국 외,10316.16
2020-03,서귀포시,표선면,중국,5647.71
2020-03,서귀포시,표선면,중국 외,6199.25
2020-03,제주시,한경면,중국,6390.71
2020-03,제주시,한경면,중국 외,2030.7
2020-03,제주시,한림읍,중국,14025.27
2020-03,제주시,한림읍,중국 외,15636.22
2020-03,제주시,화북동,중국,1474.26
2020-03,제주시,화북동,중국 외,3041.87
2020-03,서귀포시,효돈동,중국,1758.76
2020-03,서귀포시,효돈동,중국 외,326.6
2020-04,제주시,건입동,중국,1965.66
2020-04,제주시,건입동,중국 외,3181.18
2020-04,제주시,구좌읍,중국,3879.56
2020-04,제주시,구좌읍,중국 외,2677.1
2020-04,서귀포시,남원읍,중국,15254.96
2020-04,서귀포시,남원읍,중국 외,36076.3
2020-04,제주시,노형동,중국,8589.16
2020-04,제주시,노형동,중국 외,7800.52
2020-04,서귀포시,대륜동,중국,1020.4
2020-04,서귀포시,대륜동,중국 외,4021.0
2020-04,서귀포시,대정읍,중국,5911.08
2020-04,서귀포시,대정읍,중국 외,2942.15
2020-04,서귀포시,대천동,중국,954.5799999999999
2020-04,서귀포시,대천동,중국 외,3055.07
2020-04,제주시,도두동,중국,1873.97
2020-04,제주시,도두동,중국 외,346.89
2020-04,서귀포시,동홍동,중국,4331.01
2020-04,서귀포시,동홍동,중국 외,1826.44
2020-04,제주시,봉개동,중국,3938.36
2020-04,제주시,봉개동,중국 외,7460.51
2020-04,제주시,삼도1동,중국,1018.09
2020-04,제주시,삼도1동,중국 외,384.34000000000003
2020-04,제주시,삼도2동,중국,1829.3000000000002
2020-04,제주시,삼도2동,중국 외,828.56
2020-04,제주시,삼양동,중국,2424.13
2020-04,제주시,삼양동,중국 외,1198.8
2020-04,서귀포시,서홍동,중국,114320.51
2020-04,서귀포시,서홍동,중국 외,56254.71
2020-04,서귀포시,성산읍,중국,2964.9700000000003
2020-04,서귀포시,성산읍,중국 외,2851.16
2020-04,서귀포시,송산동,중국,1455.43
2020-04,서귀포시,송산동,중국 외,198.23
2020-04,제주시,아라동,중국,3573.92
2020-04,제주시,아라동,중국 외,3321.79
2020-04,서귀포시,안덕면,중국,2572.26
2020-04,서귀포시,안덕면,중국 외,4001.84
2020-04,제주시,애월읍,중국,38588.85
2020-04,제주시,애월읍,중국 외,51876.24
2020-04,제주시,연동,중국,21673.89
2020-04,제주시,연동,중국 외,6798.89
2020-04,서귀포시,영천동,중국,5920.46
2020-04,서귀포시,영천동,중국 외,10229.14
2020-04,서귀포시,예래동,중국,3249.46
2020-04,서귀포시,예래동,중국 외,560.17
2020-04,제주시,오라동,중국,211.65
2020-04,제주시,오라동,중국 외,1719.88
2020-04,제주시,외도동,중국,1114.51
2020-04,제주시,외도동,중국 외,1237.44
2020-04,제주시,용담1동,중국,583.09
2020-04,제주시,용담1동,중국 외,672.06
2020-04,제주시,용담2동,중국,1603.56
2020-04,제주시,용담2동,중국 외,1862.1399999999999
2020-04,제주시,우도면,중국,1958.62
2020-04,제주시,우도면,중국 외,6204.79
2020-04,제주시,이도1동,중국,1664.68
2020-04,제주시,이도1동,중국 외,2449.6
2020-04,제주시,이도2동,중국,6000.39
2020-04,제주시,이도2동,중국 외,4742.79
2020-04,제주시,이호동,중국,61.13
2020-04,제주시,이호동,중국 외,645.11
2020-04,제주시,일도1동,중국,256.3
2020-04,제주시,일도1동,중국 외,11.93
2020-04,제주시,일도2동,중국,3889.01
2020-04,제주시,일도2동,중국 외,1545.0
2020-04,서귀포시,정방동,중국,3087.2
2020-04,서귀포시,정방동,중국 외,688.57
2020-04,제주시,조천읍,중국,5121.04
2020-04,제주시,조천읍,중국 외,7104.29
2020-04,서귀포시,중문동,중국,11702.21
2020-04,서귀포시,중문동,중국 외,14455.58
2020-04,서귀포시,중앙동,중국,3698.52
2020-04,서귀포시,중앙동,중국 외,73.95
2020-04,서귀포시,천지동,중국,1189.73
2020-04,서귀포시,천지동,중국 외,473.26
2020-04,제주시,추자면,중국,4450.93
2020-04,제주시,추자면,중국 외,10859.14
2020-04,서귀포시,표선면,중국,5386.74
2020-04,서귀포시,표선면,중국 외,3875.58
2020-04,제주시,한경면,중국,2779.17
2020-04,제주시,한경면,중국 외,1678.96
2020-04,제주시,한림읍,중국,11307.210000000001
2020-04,제주시,한림읍,중국 외,15592.52
2020-04,제주시,화북동,중국,1314.37
2020-04,제주시,화북동,중국 외,235.01
2020-04,서귀포시,효돈동,중국,658.36
2020-04,서귀포시,효돈동,중국 외,895.01
2020-05,제주시,건입동,중국,76.15
2020-05,제주시,건입동,중국 외,637.73
2020-05,제주시,구좌읍,중국,157.33
2020-05,제주시,구좌읍,중국 외,290.27
2020-05,서귀포시,남원읍,중국,1241.05
2020-05,서귀포시,남원읍,중국 외,8477.11
2020-05,제주시,노형동,중국,690.75
2020-05,제주시,노형동,중국 외,781.03
2020-05,서귀포시,대륜동,중국,51.38
2020-05,서귀포시,대륜동,중국 외,433.01
2020-05,서귀포시,대정읍,중국,477.7
2020-05,서귀포시,대정읍,중국 외,593.08
2020-05,서귀포시,대천동,중국,109.96
2020-05,서귀포시,대천동,중국 외,217.59
2020-05,제주시,도두동,중국,79.22
2020-05,제주시,도두동,중국 외,48.64
2020-05,서귀포시,동홍동,중국,114.03999999999999
2020-05,서귀포시,동홍동,중국 외,266.65
2020-05,제주시,봉개동,중국,226.75
2020-05,제주시,봉개동,중국 외,1138.1
2020-05,제주시,삼도1동,중국,190.78
2020-05,제주시,삼도1동,중국 외,50.940000000000005
2020-05,제주시,삼도2동,중국,129.24
2020-05,제주시,삼도2동,중국 외,103.12
2020-05,제주시,삼양동,중국,113.58
2020-05,제주시,삼양동,중국 외,102.73
2020-05,서귀포시,서홍동,중국,3500.53
2020-05,서귀포시,서홍동,중국 외,8483.92
2020-05,서귀포시,성산읍,중국,213.15
2020-05,서귀포시,성산읍,중국 외,842.26
2020-05,서귀포시,송산동,중국,29.13
2020-05,서귀포시,송산동,중국 외,204.78
2020-05,제주시,아라동,중국,166.77
2020-05,제주시,아라동,중국 외,791.13
2020-05,서귀포시,안덕면,중국,144.22
2020-05,서귀포시,안덕면,중국 외,563.12
2020-05,제주시,애월읍,중국,1801.05
2020-05,제주시,애월읍,중국 외,7722.31
2020-05,제주시,연동,중국,871.69
2020-05,제주시,연동,중국 외,1283.6
2020-05,서귀포시,영천동,중국,325.97
2020-05,서귀포시,영천동,중국 외,1668.18
2020-05,서귀포시,예래동,중국,148.74
2020-05,서귀포시,예래동,중국 외,321.93
2020-05,제주시,오라동,중국,154.23
2020-05,제주시,오라동,중국 외,491.07
2020-05,제주시,외도동,중국,92.71
2020-05,제주시,외도동,중국 외,252.73
2020-05,제주시,용담1동,중국,7.83
2020-05,제주시,용담1동,중국 외,38.58
2020-05,제주시,용담2동,중국,158.72
2020-05,제주시,용담2동,중국 외,268.54
2020-05,제주시,우도면,중국,113.83
2020-05,제주시,우도면,중국 외,1261.3
2020-05,제주시,이도1동,중국,133.0
2020-05,제주시,이도1동,중국 외,348.32
2020-05,제주시,이도2동,중국,244.55
2020-05,제주시,이도2동,중국 외,702.36
2020-05,제주시,이호동,중국,14.23
2020-05,제주시,이호동,중국 외,152.85
2020-05,제주시,일도1동,중국,1.22
2020-05,제주시,일도1동,중국 외,94.27
2020-05,제주시,일도2동,중국,81.09
2020-05,제주시,일도2동,중국 외,658.96
2020-05,서귀포시,정방동,중국,49.81
2020-05,서귀포시,정방동,중국 외,21.17
2020-05,제주시,조천읍,중국,327.31
2020-05,제주시,조천읍,중국 외,1386.72
2020-05,서귀포시,중문동,중국,597.0
2020-05,서귀포시,중문동,중국 외,2799.5
2020-05,서귀포시,중앙동,중국,71.28
2020-05,서귀포시,중앙동,중국 외,143.2
2020-05,서귀포시,천지동,중국,11.219999999999999
2020-05,서귀포시,천지동,중국 외,89.95
2020-05,제주시,추자면,중국,583.07
2020-05,제주시,추자면,중국 외,2301.98
2020-05,서귀포시,표선면,중국,157.22
2020-05,서귀포시,표선면,중국 외,791.2
2020-05,제주시,한경면,중국,153.45
2020-05,제주시,한경면,중국 외,343.02
2020-05,제주시,한림읍,중국,592.11
2020-05,제주시,한림읍,중국 외,2566.39
2020-05,제주시,화북동,중국,86.7
2020-05,제주시,화북동,중국 외,82.64999999999999
2020-05,서귀포시,효돈동,중국,11.280000000000001
2020-05,서귀포시,효돈동,중국 외,74.13
2020-06,제주시,건입동,중국,129.89
2020-06,제주시,건입동,중국 외,849.61
2020-06,제주시,구좌읍,중국,153.22
2020-06,제주시,구좌읍,중국 외,1107.75
2020-06,서귀포시,남원읍,중국,2126.46
2020-06,서귀포시,남원읍,중국 외,10319.5
2020-06,제주시,노형동,중국,519.61
2020-06,제주시,노형동,중국 외,1311.71
2020-06,서귀포시,대륜동,중국,61.38
2020-06,서귀포시,대륜동,중국 외,551.62
2020-06,서귀포시,대정읍,중국,207.38
2020-06,서귀포시,대정읍,중국 외,615.73
2020-06,서귀포시,대천동,중국,89.48
2020-06,서귀포시,대천동,중국 외,277.64
2020-06,제주시,도두동,중국,128.69
2020-06,제주시,도두동,중국 외,162.60999999999999
2020-06,서귀포시,동홍동,중국,224.1
2020-06,서귀포시,동홍동,중국 외,410.27
2020-06,제주시,봉개동,중국,221.75
2020-06,제주시,봉개동,중국 외,1577.64
2020-06,제주시,삼도1동,중국,11.200000000000001
2020-06,제주시,삼도1동,중국 외,97.6
2020-06,제주시,삼도2동,중국,26.0
2020-06,제주시,삼도2동,중국 외,192.98
2020-06,제주시,삼양동,중국,108.87
2020-06,제주시,삼양동,중국 외,369.3
2020-06,서귀포시,서홍동,중국,2153.17
2020-06,서귀포시,서홍동,중국 외,7869.13
2020-06,서귀포시,성산읍,중국,206.42000000000002
2020-06,서귀포시,성산읍,중국 외,1085.78
2020-06,서귀포시,송산동,중국,34.4
2020-06,서귀포시,송산동,중국 외,236.25
2020-06,제주시,아라동,중국,91.28999999999999
2020-06,제주시,아라동,중국 외,728.25
2020-06,서귀포시,안덕면,중국,245.82999999999998
2020-06,서귀포시,안덕면,중국 외,856.22
2020-06,제주시,애월읍,중국,2363.43
2020-06,제주시,애월읍,중국 외,10157.48
2020-06,제주시,연동,중국,1256.13
2020-06,제주시,연동,중국 외,2097.66
2020-06,서귀포시,영천동,중국,769.49
2020-06,서귀포시,영천동,중국 외,2832.68
2020-06,서귀포시,예래동,중국,109.98
2020-06,서귀포시,예래동,중국 외,849.77
2020-06,제주시,오라동,중국,99.37
2020-06,제주시,오라동,중국 외,2538.52
2020-06,제주시,외도동,중국,50.519999999999996
2020-06,제주시,외도동,중국 외,180.92
2020-06,제주시,용담1동,중국,75.45
2020-06,제주시,용담1동,중국 외,292.38
2020-06,제주시,용담2동,중국,169.58
2020-06,제주시,용담2동,중국 외,409.68
2020-06,제주시,우도면,중국,221.17
2020-06,제주시,우도면,중국 외,1269.36
2020-06,제주시,이도1동,중국,134.73
2020-06,제주시,이도1동,중국 외,350.43
2020-06,제주시,이도2동,중국,353.54
2020-06,제주시,이도2동,중국 외,1191.09
2020-06,제주시,이호동,중국,40.8
2020-06,제주시,이호동,중국 외,151.89
2020-06,제주시,일도1동,중국,33.57
2020-06,제주시,일도1동,중국 외,116.92
2020-06,제주시,일도2동,중국,161.21
2020-06,제주시,일도2동,중국 외,269.5
2020-06,서귀포시,정방동,중국,123.5
2020-06,서귀포시,정방동,중국 외,140.1
2020-06,제주시,조천읍,중국,284.43
2020-06,제주시,조천읍,중국 외,1392.88
2020-06,서귀포시,중문동,중국,1015.3100000000001
2020-06,서귀포시,중문동,중국 외,3409.13
2020-06,서귀포시,중앙동,중국,131.6
2020-06,서귀포시,중앙동,중국 외,151.57999999999998
2020-06,서귀포시,천지동,중국,6.4
2020-06,서귀포시,천지동,중국 외,43.57
2020-06,제주시,추자면,중국,385.51
2020-06,제주시,추자면,중국 외,2962.28
2020-06,서귀포시,표선면,중국,181.21
2020-06,서귀포시,표선면,중국 외,628.72
2020-06,제주시,한경면,중국,95.57
2020-06,제주시,한경면,중국 외,694.91
2020-06,제주시,한림읍,중국,907.3199999999999
2020-06,제주시,한림읍,중국 외,2536.22
2020-06,제주시,화북동,중국,45.79
2020-06,제주시,화북동,중국 외,371.67
2020-06,서귀포시,효돈동,중국,7.970000000000001
2020-06,서귀포시,효돈동,중국 외,14.92
2020-07,제주시,건입동,중국,183.48000000000002
2020-07,제주시,건입동,중국 외,1472.34
2020-07,제주시,구좌읍,중국,223.79
2020-07,제주시,구좌읍,중국 외,1421.44
2020-07,서귀포시,남원읍,중국,2049.43
2020-07,서귀포시,남원읍,중국 외,15740.82
2020-07,제주시,노형동,중국,540.89
2020-07,제주시,노형동,중국 외,2496.3
2020-07,서귀포시,대륜동,중국,149.16
2020-07,서귀포시,대륜동,중국 외,1460.21
2020-07,서귀포시,대정읍,중국,288.17
2020-07,서귀포시,대정읍,중국 외,1866.87
2020-07,서귀포시,대천동,중국,160.07
2020-07,서귀포시,대천동,중국 외,234.21
2020-07,제주시,도두동,중국,230.79
2020-07,제주시,도두동,중국 외,526.39
2020-07,서귀포시,동홍동,중국,255.75
2020-07,서귀포시,동홍동,중국 외,747.78
2020-07,제주시,봉개동,중국,236.19
2020-07,제주시,봉개동,중국 외,2590.91
2020-07,제주시,삼도1동,중국,103.78
2020-07,제주시,삼도1동,중국 외,73.92
2020-07,제주시,삼도2동,중국,42.32
2020-07,제주시,삼도2동,중국 외,466.43
2020-07,제주시,삼양동,중국,173.13
2020-07,제주시,삼양동,중국 외,1088.78
2020-07,서귀포시,서홍동,중국,2068.32
2020-07,서귀포시,서홍동,중국 외,12406.97
2020-07,서귀포시,성산읍,중국,408.84
2020-07,서귀포시,성산읍,중국 외,1646.09
2020-07,서귀포시,송산동,중국,18.470000000000002
2020-07,서귀포시,송산동,중국 외,394.62
2020-07,제주시,아라동,중국,169.3
2020-07,제주시,아라동,중국 외,1475.21
2020-07,서귀포시,안덕면,중국,444.96
2020-07,서귀포시,안덕면,중국 외,4898.69
2020-07,제주시,애월읍,중국,1953.31
2020-07,제주시,애월읍,중국 외,14203.9
2020-07,제주시,연동,중국,1562.32
2020-07,제주시,연동,중국 외,4276.82
2020-07,서귀포시,영천동,중국,468.37
2020-07,서귀포시,영천동,중국 외,3061.29
2020-07,서귀포시,예래동,중국,199.69
2020-07,서귀포시,예래동,중국 외,1113.28
2020-07,제주시,오라동,중국,29.62
2020-07,제주시,오라동,중국 외,1679.1399999999999
2020-07,제주시,외도동,중국,34.02
2020-07,제주시,외도동,중국 외,950.1899999999999
2020-07,제주시,용담1동,중국,82.29
2020-07,제주시,용담1동,중국 외,311.99
2020-07,제주시,용담2동,중국,301.7
2020-07,제주시,용담2동,중국 외,1064.75
2020-07,제주시,우도면,중국,189.21
2020-07,제주시,우도면,중국 외,1687.27
2020-07,제주시,이도1동,중국,104.95
2020-07,제주시,이도1동,중국 외,370.27
2020-07,제주시,이도2동,중국,280.82
2020-07,제주시,이도2동,중국 외,953.71
2020-07,제주시,이호동,중국,82.17
2020-07,제주시,이호동,중국 외,346.83
2020-07,제주시,일도1동,중국,26.45
2020-07,제주시,일도1동,중국 외,248.99
2020-07,제주시,일도2동,중국,76.66
2020-07,제주시,일도2동,중국 외,254.96
2020-07,서귀포시,정방동,중국,35.58
2020-07,서귀포시,정방동,중국 외,219.35
2020-07,제주시,조천읍,중국,275.68
2020-07,제주시,조천읍,중국 외,2797.31
2020-07,서귀포시,중문동,중국,915.05
2020-07,서귀포시,중문동,중국 외,6554.02
2020-07,서귀포시,중앙동,중국,141.3
2020-07,서귀포시,중앙동,중국 외,164.33
2020-07,서귀포시,천지동,중국,26.35
2020-07,서귀포시,천지동,중국 외,94.52000000000001
2020-07,제주시,추자면,중국,534.36
2020-07,제주시,추자면,중국 외,4021.19
2020-07,서귀포시,표선면,중국,260.36
2020-07,서귀포시,표선면,중국 외,996.48
2020-07,제주시,한경면,중국,156.78
2020-07,제주시,한경면,중국 외,629.81
2020-07,제주시,한림읍,중국,777.41
2020-07,제주시,한림읍,중국 외,4057.17
2020-07,제주시,화북동,중국,104.35
2020-07,제주시,화북동,중국 외,1418.3700000000001
2020-07,서귀포시,효돈동,중국,20.17
2020-07,서귀포시,효돈동,중국 외,29.73
2020-08,제주시,건입동,중국,233.17000000000002
2020-08,제주시,건입동,중국 외,2027.41
2020-08,제주시,구좌읍,중국,234.32
2020-08,제주시,구좌읍,중국 외,557.09
2020-08,서귀포시,남원읍,중국,2214.74
2020-08,서귀포시,남원읍,중국 외,19673.54
2020-08,제주시,노형동,중국,1131.12
2020-08,제주시,노형동,중국 외,3070.16
2020-08,서귀포시,대륜동,중국,86.22
2020-08,서귀포시,대륜동,중국 외,1382.8700000000001
2020-08,서귀포시,대정읍,중국,380.25
2020-08,서귀포시,대정읍,중국 외,3149.88
2020-08,서귀포시,대천동,중국,150.67000000000002
2020-08,서귀포시,대천동,중국 외,709.99
2020-08,제주시,도두동,중국,154.36
2020-08,제주시,도두동,중국 외,264.06
2020-08,서귀포시,동홍동,중국,279.85
2020-08,서귀포시,동홍동,중국 외,1041.73
2020-08,제주시,봉개동,중국,338.02
2020-08,제주시,봉개동,중국 외,3521.25
2020-08,제주시,삼도1동,중국,33.68
2020-08,제주시,삼도1동,중국 외,501.77
2020-08,제주시,삼도2동,중국,139.15
2020-08,제주시,삼도2동,중국 외,131.9
2020-08,제주시,삼양동,중국,123.60000000000001
2020-08,제주시,삼양동,중국 외,813.39
2020-08,서귀포시,서홍동,중국,5369.52
2020-08,서귀포시,서홍동,중국 외,26611.29
2020-08,서귀포시,성산읍,중국,460.93
2020-08,서귀포시,성산읍,중국 외,2560.4
2020-08,서귀포시,송산동,중국,4.65
2020-08,서귀포시,송산동,중국 외,59.42
2020-08,제주시,아라동,중국,610.16
2020-08,제주시,아라동,중국 외,6414.52
2020-08,서귀포시,안덕면,중국,414.39
2020-08,서귀포시,안덕면,중국 외,4908.5
2020-08,제주시,애월읍,중국,2802.85
2020-08,제주시,애월읍,중국 외,20479.55
2020-08,제주시,연동,중국,1524.47
2020-08,제주시,연동,중국 외,3487.28
2020-08,서귀포시,영천동,중국,451.12
2020-08,서귀포시,영천동,중국 외,4291.26
2020-08,서귀포시,예래동,중국,310.41
2020-08,서귀포시,예래동,중국 외,1281.19
2020-08,제주시,오라동,중국,135.16
2020-08,제주시,오라동,중국 외,1738.9
2020-08,제주시,외도동,중국,87.21000000000001
2020-08,제주시,외도동,중국 외,949.3
2020-08,제주시,용담1동,중국,99.71000000000001
2020-08,제주시,용담1동,중국 외,272.3
2020-08,제주시,용담2동,중국,301.44
2020-08,제주시,용담2동,중국 외,1944.8700000000001
2020-08,제주시,우도면,중국,276.17
2020-08,제주시,우도면,중국 외,2282.37
2020-08,제주시,이도1동,중국,159.74
2020-08,제주시,이도1동,중국 외,468.96000000000004
2020-08,제주시,이도2동,중국,397.03
2020-08,제주시,이도2동,중국 외,2168.85
2020-08,제주시,이호동,중국,49.19
2020-08,제주시,이호동,중국 외,237.85999999999999
2020-08,제주시,일도1동,중국,30.78
2020-08,제주시,일도1동,중국 외,46.78
2020-08,제주시,일도2동,중국,225.92
2020-08,제주시,일도2동,중국 외,138.57
2020-08,서귀포시,정방동,중국,28.9
2020-08,서귀포시,정방동,중국 외,92.8
2020-08,제주시,조천읍,중국,502.06
2020-08,제주시,조천읍,중국 외,3743.62
2020-08,서귀포시,중문동,중국,1081.04
2020-08,서귀포시,중문동,중국 외,7326.3
2020-08,서귀포시,중앙동,중국,84.96000000000001
2020-08,서귀포시,중앙동,중국 외,65.67999999999999
2020-08,서귀포시,천지동,중국,18.029999999999998
2020-08,서귀포시,천지동,중국 외,8.43
2020-08,제주시,추자면,중국,723.55
2020-08,제주시,추자면,중국 외,5484.0
2020-08,서귀포시,표선면,중국,304.0
2020-08,서귀포시,표선면,중국 외,1412.35
2020-08,제주시,한경면,중국,111.93
2020-08,제주시,한경면,중국 외,715.96
2020-08,제주시,한림읍,중국,627.9300000000001
2020-08,제주시,한림읍,중국 외,4730.68
2020-08,제주시,화북동,중국,82.95
2020-08,제주시,화북동,중국 외,305.08
2020-08,서귀포시,효돈동,중국,39.33
2020-08,서귀포시,효돈동,중국 외,96.83
2020-09,제주시,건입동,중국,217.48000000000002
2020-09,제주시,건입동,중국 외,2916.55
2020-09,제주시,구좌읍,중국,148.85
2020-09,제주시,구좌읍,중국 외,607.87
2020-09,서귀포시,남원읍,중국,3218.36
2020-09,서귀포시,남원읍,중국 외,24108.74
2020-09,제주시,노형동,중국,957.72
2020-09,제주시,노형동,중국 외,3466.95
2020-09,서귀포시,대륜동,중국,150.09
2020-09,서귀포시,대륜동,중국 외,1039.25
2020-09,서귀포시,대정읍,중국,587.4
2020-09,서귀포시,대정읍,중국 외,1238.21
2020-09,서귀포시,대천동,중국,110.14
2020-09,서귀포시,대천동,중국 외,828.83
2020-09,제주시,도두동,중국,44.08
2020-09,제주시,도두동,중국 외,260.95
2020-09,서귀포시,동홍동,중국,212.13
2020-09,서귀포시,동홍동,중국 외,1203.3
2020-09,제주시,봉개동,중국,505.32
2020-09,제주시,봉개동,중국 외,5895.18
2020-09,제주시,삼도1동,중국,91.18
2020-09,제주시,삼도1동,중국 외,977.01
2020-09,제주시,삼도2동,중국,120.23
2020-09,제주시,삼도2동,중국 외,382.95
2020-09,제주시,삼양동,중국,66.3
2020-09,제주시,삼양동,중국 외,735.62
2020-09,서귀포시,서홍동,중국,14068.72
2020-09,서귀포시,서홍동,중국 외,30390.09
2020-09,서귀포시,성산읍,중국,419.2
2020-09,서귀포시,성산읍,중국 외,2686.65
2020-09,서귀포시,송산동,중국,35.28
2020-09,서귀포시,송산동,중국 외,150.88
2020-09,제주시,아라동,중국,999.8399999999999
2020-09,제주시,아라동,중국 외,3350.3
2020-09,서귀포시,안덕면,중국,326.48
2020-09,서귀포시,안덕면,중국 외,4125.7
2020-09,제주시,애월읍,중국,3804.07
2020-09,제주시,애월읍,중국 외,26572.39
2020-09,제주시,연동,중국,1610.57
2020-09,제주시,연동,중국 외,3322.95
2020-09,서귀포시,영천동,중국,618.56
2020-09,서귀포시,영천동,중국 외,6096.62
2020-09,서귀포시,예래동,중국,230.46
2020-09,서귀포시,예래동,중국 외,822.9100000000001
2020-09,제주시,오라동,중국,196.63
2020-09,제주시,오라동,중국 외,1070.83
2020-09,제주시,외도동,중국,124.25
2020-09,제주시,외도동,중국 외,1292.66
2020-09,제주시,용담1동,중국,64.05
2020-09,제주시,용담1동,중국 외,416.12
2020-09,제주시,용담2동,중국,159.2
2020-09,제주시,용담2동,중국 외,1243.1200000000001
2020-09,제주시,우도면,중국,393.93
2020-09,제주시,우도면,중국 외,10792.789999999999
2020-09,제주시,이도1동,중국,212.24
2020-09,제주시,이도1동,중국 외,498.78
2020-09,제주시,이도2동,중국,329.6
2020-09,제주시,이도2동,중국 외,3277.64
2020-09,제주시,이호동,중국,13.389999999999999
2020-09,제주시,이호동,중국 외,213.71
2020-09,제주시,일도1동,중국,0.42000000000000004
2020-09,제주시,일도1동,중국 외,73.89
2020-09,제주시,일도2동,중국,131.18
2020-09,제주시,일도2동,중국 외,396.41
2020-09,서귀포시,정방동,중국,218.94
2020-09,서귀포시,정방동,중국 외,284.08
2020-09,제주시,조천읍,중국,492.36
2020-09,제주시,조천읍,중국 외,4315.87
2020-09,서귀포시,중문동,중국,1338.3799999999999
2020-09,서귀포시,중문동,중국 외,8019.93
2020-09,서귀포시,중앙동,중국,67.45
2020-09,서귀포시,중앙동,중국 외,36.06
2020-09,서귀포시,천지동,중국,143.41
2020-09,서귀포시,천지동,중국 외,102.34
2020-09,제주시,추자면,중국,685.11
2020-09,제주시,추자면,중국 외,6323.6
2020-09,서귀포시,표선면,중국,240.99
2020-09,서귀포시,표선면,중국 외,1304.71
2020-09,제주시,한경면,중국,245.1
2020-09,제주시,한경면,중국 외,842.71
2020-09,제주시,한림읍,중국,1090.5800000000002
2020-09,제주시,한림읍,중국 외,3131.97
2020-09,제주시,화북동,중국,188.34
2020-09,제주시,화북동,중국 외,715.98
2020-09,서귀포시,효돈동,중국,19.5
2020-09,서귀포시,효돈동,중국 외,52.839999999999996
2020-10,제주시,건입동,중국,200.43
2020-10,제주시,건입동,중국 외,2095.38
2020-10,제주시,구좌읍,중국,265.17
2020-10,제주시,구좌읍,중국 외,782.32
2020-10,서귀포시,남원읍,중국,7076.13
2020-10,서귀포시,남원읍,중국 외,24731.61
2020-10,제주시,노형동,중국,632.81
2020-10,제주시,노형동,중국 외,4427.15
2020-10,서귀포시,대륜동,중국,150.65
2020-10,서귀포시,대륜동,중국 외,570.78
2020-10,서귀포시,대정읍,중국,92.91
2020-10,서귀포시,대정읍,중국 외,616.5600000000001
2020-10,서귀포시,대천동,중국,190.92
2020-10,서귀포시,대천동,중국 외,576.88
2020-10,제주시,도두동,중국,40.33
2020-10,제주시,도두동,중국 외,473.65000000000003
2020-10,서귀포시,동홍동,중국,284.52
2020-10,서귀포시,동홍동,중국 외,1646.8700000000001
2020-10,제주시,봉개동,중국,463.05
2020-10,제주시,봉개동,중국 외,5184.67
2020-10,제주시,삼도1동,중국,31.72
2020-10,제주시,삼도1동,중국 외,526.55
2020-10,제주시,삼도2동,중국,219.23
2020-10,제주시,삼도2동,중국 외,498.87
2020-10,제주시,삼양동,중국,37.28
2020-10,제주시,삼양동,중국 외,815.91
2020-10,서귀포시,서홍동,중국,17395.93
2020-10,서귀포시,서홍동,중국 외,29446.93
2020-10,서귀포시,성산읍,중국,346.39
2020-10,서귀포시,성산읍,중국 외,1340.23
2020-10,서귀포시,송산동,중국,42.72
2020-10,서귀포시,송산동,중국 외,271.27
2020-10,제주시,아라동,중국,167.44
2020-10,제주시,아라동,중국 외,2919.49
2020-10,서귀포시,안덕면,중국,348.12
2020-10,서귀포시,안덕면,중국 외,3966.81
2020-10,제주시,애월읍,중국,7203.43
2020-10,제주시,애월읍,중국 외,30139.3
2020-10,제주시,연동,중국,1339.5
2020-10,제주시,연동,중국 외,4259.41
2020-10,서귀포시,영천동,중국,1360.85
2020-10,서귀포시,영천동,중국 외,7089.9
2020-10,서귀포시,예래동,중국,228.07
2020-10,서귀포시,예래동,중국 외,1413.34
2020-10,제주시,오라동,중국,199.03
2020-10,제주시,오라동,중국 외,1213.44
2020-10,제주시,외도동,중국,40.1
2020-10,제주시,외도동,중국 외,442.75
2020-10,제주시,용담1동,중국,1.83
2020-10,제주시,용담1동,중국 외,194.21
2020-10,제주시,용담2동,중국,216.66
2020-10,제주시,용담2동,중국 외,1375.08
2020-10,제주시,우도면,중국,543.86
2020-10,제주시,우도면,중국 외,4051.32
2020-10,제주시,이도1동,중국,80.24
2020-10,제주시,이도1동,중국 외,847.78
2020-10,제주시,이도2동,중국,257.37
2020-10,제주시,이도2동,중국 외,1529.93
2020-10,제주시,이호동,중국,14.799999999999999
2020-10,제주시,이호동,중국 외,336.94
2020-10,제주시,일도1동,중국,40.11
2020-10,제주시,일도1동,중국 외,295.67
2020-10,제주시,일도2동,중국,128.05
2020-10,제주시,일도2동,중국 외,400.11
2020-10,서귀포시,정방동,중국,123.9
2020-10,서귀포시,정방동,중국 외,177.05
2020-10,제주시,조천읍,중국,373.43
2020-10,제주시,조천읍,중국 외,4287.91
2020-10,서귀포시,중문동,중국,2059.21
2020-10,서귀포시,중문동,중국 외,10466.1
2020-10,서귀포시,중앙동,중국,99.03
2020-10,서귀포시,중앙동,중국 외,70.79
2020-10,서귀포시,천지동,중국,129.2
2020-10,서귀포시,천지동,중국 외,221.77
2020-10,제주시,추자면,중국,600.65
2020-10,제주시,추자면,중국 외,5848.05
2020-10,서귀포시,표선면,중국,222.77
2020-10,서귀포시,표선면,중국 외,1484.92
2020-10,제주시,한경면,중국,179.85
2020-10,제주시,한경면,중국 외,1114.83
2020-10,제주시,한림읍,중국,267.58
2020-10,제주시,한림읍,중국 외,1286.09
2020-10,제주시,화북동,중국,149.94
2020-10,제주시,화북동,중국 외,746.63
2020-10,서귀포시,효돈동,중국,23.49
2020-10,서귀포시,효돈동,중국 외,13.129999999999999
2020-11,제주시,건입동,중국,89.86
2020-11,제주시,건입동,중국 외,1421.71
2020-11,제주시,구좌읍,중국,52.28
2020-11,제주시,구좌읍,중국 외,1651.99
2020-11,서귀포시,남원읍,중국,2165.85
2020-11,서귀포시,남원읍,중국 외,16848.83
2020-11,제주시,노형동,중국,276.33
2020-11,제주시,노형동,중국 외,4388.78
2020-11,서귀포시,대륜동,중국,54.14
2020-11,서귀포시,대륜동,중국 외,693.8
2020-11,서귀포시,대정읍,중국,147.78
2020-11,서귀포시,대정읍,중국 외,2410.25
2020-11,서귀포시,대천동,중국,146.56
2020-11,서귀포시,대천동,중국 외,996.29
2020-11,제주시,도두동,중국,45.53
2020-11,제주시,도두동,중국 외,819.91
2020-11,서귀포시,동홍동,중국,170.08
2020-11,서귀포시,동홍동,중국 외,792.72
2020-11,제주시,봉개동,중국,295.68
2020-11,제주시,봉개동,중국 외,4416.38
2020-11,제주시,삼도1동,중국,39.91
2020-11,제주시,삼도1동,중국 외,223.87
2020-11,제주시,삼도2동,중국,37.2
2020-11,제주시,삼도2동,중국 외,388.8
2020-11,제주시,삼양동,중국,12.120000000000001
2020-11,제주시,삼양동,중국 외,400.46999999999997
2020-11,서귀포시,서홍동,중국,7057.59
2020-11,서귀포시,서홍동,중국 외,22791.65
2020-11,서귀포시,성산읍,중국,334.35
2020-11,서귀포시,성산읍,중국 외,1557.41
2020-11,서귀포시,송산동,중국,23.15
2020-11,서귀포시,송산동,중국 외,184.79
2020-11,제주시,아라동,중국,251.81
2020-11,제주시,아라동,중국 외,3033.4500000000003
2020-11,서귀포시,안덕면,중국,257.46
2020-11,서귀포시,안덕면,중국 외,2528.36
2020-11,제주시,애월읍,중국,2333.35
2020-11,제주시,애월읍,중국 외,23606.28
2020-11,제주시,연동,중국,633.21
2020-11,제주시,연동,중국 외,4560.54
2020-11,서귀포시,영천동,중국,650.5
2020-11,서귀포시,영천동,중국 외,5570.7
2020-11,서귀포시,예래동,중국,34.269999999999996
2020-11,서귀포시,예래동,중국 외,1260.01
2020-11,제주시,오라동,중국,50.8
2020-11,제주시,오라동,중국 외,2477.16
2020-11,제주시,외도동,중국,131.11
2020-11,제주시,외도동,중국 외,233.48999999999998
2020-11,제주시,용담1동,중국,27.650000000000002
2020-11,제주시,용담1동,중국 외,79.73
2020-11,제주시,용담2동,중국,140.63
2020-11,제주시,용담2동,중국 외,630.88
2020-11,제주시,우도면,중국,259.92
2020-11,제주시,우도면,중국 외,3827.28
2020-11,제주시,이도1동,중국,187.49
2020-11,제주시,이도1동,중국 외,748.34
2020-11,제주시,이도2동,중국,156.24
2020-11,제주시,이도2동,중국 외,2230.7200000000003
2020-11,제주시,이호동,중국,42.660000000000004
2020-11,제주시,이호동,중국 외,273.94
2020-11,제주시,일도1동,중국,1.99
2020-11,제주시,일도1동,중국 외,93.61
2020-11,제주시,일도2동,중국,28.53
2020-11,제주시,일도2동,중국 외,1300.5
2020-11,서귀포시,정방동,중국,63.78
2020-11,서귀포시,정방동,중국 외,111.96
2020-11,제주시,조천읍,중국,292.82
2020-11,제주시,조천읍,중국 외,3417.64
2020-11,서귀포시,중문동,중국,702.49
2020-11,서귀포시,중문동,중국 외,6109.44
2020-11,서귀포시,중앙동,중국,70.62
2020-11,서귀포시,중앙동,중국 외,218.0
2020-11,서귀포시,천지동,중국,55.53
2020-11,서귀포시,천지동,중국 외,26.259999999999998
2020-11,제주시,추자면,중국,373.96
2020-11,제주시,추자면,중국 외,4762.1900000000005
2020-11,서귀포시,표선면,중국,95.3
2020-11,서귀포시,표선면,중국 외,1964.84
2020-11,제주시,한경면,중국,167.24
2020-11,제주시,한경면,중국 외,610.1999999999999
2020-11,제주시,한림읍,중국,231.74
2020-11,제주시,한림읍,중국 외,1895.03
2020-11,제주시,화북동,중국,59.31
2020-11,제주시,화북동,중국 외,814.24
2020-11,서귀포시,효돈동,중국,8.7
2020-11,서귀포시,효돈동,중국 외,38.33
2020-12,제주시,건입동,중국,88.17
2020-12,제주시,건입동,중국 외,1995.06
2020-12,제주시,구좌읍,중국,101.49000000000001
2020-12,제주시,구좌읍,중국 외,750.54
2020-12,서귀포시,남원읍,중국,2096.45
2020-12,서귀포시,남원읍,중국 외,26650.48
2020-12,제주시,노형동,중국,368.63
2020-12,제주시,노형동,중국 외,3221.28
2020-12,서귀포시,대륜동,중국,145.54
2020-12,서귀포시,대륜동,중국 외,1976.67
2020-12,서귀포시,대정읍,중국,217.74
2020-12,서귀포시,대정읍,중국 외,2038.35
2020-12,서귀포시,대천동,중국,163.27
2020-12,서귀포시,대천동,중국 외,626.21
2020-12,제주시,도두동,중국,35.94
2020-12,제주시,도두동,중국 외,864.16
2020-12,서귀포시,동홍동,중국,133.33
2020-12,서귀포시,동홍동,중국 외,1058.32
2020-12,제주시,봉개동,중국,250.68
2020-12,제주시,봉개동,중국 외,5101.87
2020-12,제주시,삼도1동,중국,23.02
2020-12,제주시,삼도1동,중국 외,556.3299999999999
2020-12,제주시,삼도2동,중국,68.92
2020-12,제주시,삼도2동,중국 외,684.52
2020-12,제주시,삼양동,중국,46.9
2020-12,제주시,삼양동,중국 외,1213.67
2020-12,서귀포시,서홍동,중국,2103.17
2020-12,서귀포시,서홍동,중국 외,15037.58
2020-12,서귀포시,성산읍,중국,288.1
2020-12,서귀포시,성산읍,중국 외,4255.21
2020-12,서귀포시,송산동,중국,21.37
2020-12,서귀포시,송산동,중국 외,743.69
2020-12,제주시,아라동,중국,164.27
2020-12,제주시,아라동,중국 외,2242.42
2020-12,서귀포시,안덕면,중국,234.68
2020-12,서귀포시,안덕면,중국 외,3812.73
2020-12,제주시,애월읍,중국,2206.1
2020-12,제주시,애월읍,중국 외,32106.72
2020-12,제주시,연동,중국,829.55
2020-12,제주시,연동,중국 외,4746.18
2020-12,서귀포시,영천동,중국,625.16
2020-12,서귀포시,영천동,중국 외,6874.9
2020-12,서귀포시,예래동,중국,221.81
2020-12,서귀포시,예래동,중국 외,1497.52
2020-12,제주시,오라동,중국,42.11
2020-12,제주시,오라동,중국 외,2110.43
2020-12,제주시,외도동,중국,26.45
2020-12,제주시,외도동,중국 외,719.45
2020-12,제주시,용담1동,중국,23.080000000000002
2020-12,제주시,용담1동,중국 외,522.32
2020-12,제주시,용담2동,중국,52.19
2020-12,제주시,용담2동,중국 외,1089.64
2020-12,제주시,우도면,중국,244.3
2020-12,제주시,우도면,중국 외,3324.32
2020-12,제주시,이도1동,중국,97.72
2020-12,제주시,이도1동,중국 외,634.74
2020-12,제주시,이도2동,중국,164.81
2020-12,제주시,이도2동,중국 외,2724.55
2020-12,제주시,이호동,중국,33.27
2020-12,제주시,이호동,중국 외,205.79999999999998
2020-12,제주시,일도1동,중국,13.49
2020-12,제주시,일도1동,중국 외,62.449999999999996
2020-12,제주시,일도2동,중국,63.86
2020-12,제주시,일도2동,중국 외,473.86
2020-12,서귀포시,정방동,중국,189.14
2020-12,서귀포시,정방동,중국 외,264.57
2020-12,제주시,조천읍,중국,274.72
2020-12,제주시,조천읍,중국 외,5536.86
2020-12,서귀포시,중문동,중국,588.95
2020-12,서귀포시,중문동,중국 외,7450.04
2020-12,서귀포시,중앙동,중국,87.92
2020-12,서귀포시,중앙동,중국 외,30.74
2020-12,서귀포시,천지동,중국,59.24
2020-12,서귀포시,천지동,중국 외,44.71
2020-12,제주시,추자면,중국,407.32
2020-12,제주시,추자면,중국 외,5044.8
2020-12,서귀포시,표선면,중국,146.92
2020-12,서귀포시,표선면,중국 외,2106.8
2020-12,제주시,한경면,중국,41.86
2020-12,제주시,한경면,중국 외,2378.7
2020-12,제주시,한림읍,중국,331.76
2020-12,제주시,한림읍,중국 외,1349.65
2020-12,제주시,화북동,중국,35.49
2020-12,제주시,화북동,중국 외,338.9
2020-12,서귀포시,효돈동,중국,41.11
2020-12,서귀포시,효돈동,중국 외,32.54
