연도,월,권역,읍면동,관광지 수,면적,방문자수
2019,1,제주시 동권역,건입동,8.0,2825867.0,128123
2019,2,제주시 동권역,건입동,8.0,2825867.0,115266
2019,3,제주시 동권역,건입동,8.0,2825867.0,132868
2019,4,제주시 동권역,건입동,8.0,2825867.0,141119
2019,5,제주시 동권역,건입동,8.0,2825867.0,145939
2019,6,제주시 동권역,건입동,8.0,2825867.0,144096
2019,7,제주시 동권역,건입동,8.0,2825867.0,149359
2019,8,제주시 동권역,건입동,8.0,2825867.0,209153
2019,9,제주시 동권역,건입동,8.0,2825867.0,124450
2019,10,제주시 동권역,건입동,8.0,2825867.0,132316
2019,11,제주시 동권역,건입동,8.0,2825867.0,114386
2019,12,제주시 동권역,건입동,8.0,2825867.0,114337
2020,1,제주시 동권역,건입동,8.0,2825867.0,140314
2020,2,제주시 동권역,건입동,8.0,2825867.0,632
2020,3,제주시 동권역,건입동,8.0,2825867.0,64443
2020,4,제주시 동권역,건입동,8.0,2825867.0,72460
2020,5,제주시 동권역,건입동,8.0,2825867.0,116661
2020,6,제주시 동권역,건입동,8.0,2825867.0,111168
2020,7,제주시 동권역,건입동,8.0,2825867.0,132013
2020,8,제주시 동권역,건입동,8.0,2825867.0,199342
2020,9,제주시 동권역,건입동,8.0,2825867.0,104356
2020,10,제주시 동권역,건입동,8.0,2825867.0,152686
2020,11,제주시 동권역,건입동,8.0,2825867.0,162074
2020,12,제주시 동권역,건입동,8.0,2825867.0,95182
2021,1,제주시 동권역,건입동,8.0,2825867.0,84945
2021,2,제주시 동권역,건입동,8.0,2825867.0,104478
2021,3,제주시 동권역,건입동,8.0,2825867.0,128804
2021,4,제주시 동권역,건입동,8.0,2825867.0,166337
2021,5,제주시 동권역,건입동,8.0,2825867.0,168974
2021,6,제주시 동권역,건입동,8.0,2825867.0,161256
2021,7,제주시 동권역,건입동,8.0,2825867.0,227301
2021,8,제주시 동권역,건입동,8.0,2825867.0,254691
2021,9,제주시 동권역,건입동,8.0,2825867.0,150754
2021,10,제주시 동권역,건입동,8.0,2825867.0,278589
2021,11,제주시 동권역,건입동,8.0,2825867.0,240682
2021,12,제주시 동권역,건입동,8.0,2825867.0,95182
2022,1,제주시 동권역,건입동,8.0,2825867.0,235677
2022,2,제주시 동권역,건입동,8.0,2825867.0,198827
2022,3,제주시 동권역,건입동,8.0,2825867.0,170960
2022,4,제주시 동권역,건입동,8.0,2825867.0,199557
2022,5,제주시 동권역,건입동,8.0,2825867.0,235279
2022,6,제주시 동권역,건입동,8.0,2825867.0,260371
2022,7,제주시 동권역,건입동,8.0,2825867.0,276339
2022,8,제주시 동권역,건입동,8.0,2825867.0,371223
2022,9,제주시 동권역,건입동,8.0,2825867.0,199826
2022,10,제주시 동권역,건입동,8.0,2825867.0,252456
2022,11,제주시 동권역,건입동,8.0,2825867.0,210427
2019,1,제주시 동부권역,구좌읍,93.0,185900000.0,399817
2019,2,제주시 동부권역,구좌읍,93.0,185900000.0,373998
2019,3,제주시 동부권역,구좌읍,93.0,185900000.0,439812
2019,4,제주시 동부권역,구좌읍,93.0,185900000.0,491809
2019,5,제주시 동부권역,구좌읍,93.0,185900000.0,551273
2019,6,제주시 동부권역,구좌읍,93.0,185900000.0,525421
2019,7,제주시 동부권역,구좌읍,93.0,185900000.0,554090
2019,8,제주시 동부권역,구좌읍,93.0,185900000.0,701516
2019,9,제주시 동부권역,구좌읍,93.0,185900000.0,455626
2019,10,제주시 동부권역,구좌읍,93.0,185900000.0,568138
2019,11,제주시 동부권역,구좌읍,93.0,185900000.0,466963
2019,12,제주시 동부권역,구좌읍,93.0,185900000.0,436432
2020,1,제주시 동부권역,구좌읍,93.0,185900000.0,438797
2020,2,제주시 동부권역,구좌읍,93.0,185900000.0,744
2020,3,제주시 동부권역,구좌읍,93.0,185900000.0,239142
2020,4,제주시 동부권역,구좌읍,93.0,185900000.0,240533
2020,5,제주시 동부권역,구좌읍,93.0,185900000.0,412000
2020,6,제주시 동부권역,구좌읍,93.0,185900000.0,426222
2020,7,제주시 동부권역,구좌읍,93.0,185900000.0,513797
2020,8,제주시 동부권역,구좌읍,93.0,185900000.0,701503
2020,9,제주시 동부권역,구좌읍,93.0,185900000.0,398363
2020,10,제주시 동부권역,구좌읍,93.0,185900000.0,547203
2020,11,제주시 동부권역,구좌읍,93.0,185900000.0,524097
2020,12,제주시 동부권역,구좌읍,93.0,185900000.0,276462
2021,1,제주시 동부권역,구좌읍,93.0,185900000.0,245380
2021,2,제주시 동부권역,구좌읍,93.0,185900000.0,410216
2021,3,제주시 동부권역,구좌읍,93.0,185900000.0,471071
2021,4,제주시 동부권역,구좌읍,93.0,185900000.0,623517
2021,5,제주시 동부권역,구좌읍,93.0,185900000.0,669436
2021,6,제주시 동부권역,구좌읍,93.0,185900000.0,649742
2021,7,제주시 동부권역,구좌읍,93.0,185900000.0,701016
2021,8,제주시 동부권역,구좌읍,93.0,185900000.0,695119
2021,9,제주시 동부권역,구좌읍,93.0,185900000.0,524860
2021,10,제주시 동부권역,구좌읍,93.0,185900000.0,732166
2021,11,제주시 동부권역,구좌읍,93.0,185900000.0,671384
2021,12,제주시 동부권역,구좌읍,93.0,185900000.0,276462
2022,1,제주시 동부권역,구좌읍,93.0,185900000.0,718342
2022,2,제주시 동부권역,구좌읍,93.0,185900000.0,681527
2022,3,제주시 동부권역,구좌읍,93.0,185900000.0,489699
2022,4,제주시 동부권역,구좌읍,93.0,185900000.0,651955
2022,5,제주시 동부권역,구좌읍,93.0,185900000.0,760707
2022,6,제주시 동부권역,구좌읍,93.0,185900000.0,753243
2022,7,제주시 동부권역,구좌읍,93.0,185900000.0,768295
2022,8,제주시 동부권역,구좌읍,93.0,185900000.0,948157
2022,9,제주시 동부권역,구좌읍,93.0,185900000.0,584078
2022,10,제주시 동부권역,구좌읍,93.0,185900000.0,803012
2022,11,제주시 동부권역,구좌읍,93.0,185900000.0,556341
2019,1,서귀포시 동부권역,남원읍,58.0,188710000.0,345305
2019,2,서귀포시 동부권역,남원읍,58.0,188710000.0,260709
2019,3,서귀포시 동부권역,남원읍,58.0,188710000.0,210166
2019,4,서귀포시 동부권역,남원읍,58.0,188710000.0,246931
2019,5,서귀포시 동부권역,남원읍,58.0,188710000.0,280713
2019,6,서귀포시 동부권역,남원읍,58.0,188710000.0,268745
2019,7,서귀포시 동부권역,남원읍,58.0,188710000.0,251710
2019,8,서귀포시 동부권역,남원읍,58.0,188710000.0,290251
2019,9,서귀포시 동부권역,남원읍,58.0,188710000.0,229835
2019,10,서귀포시 동부권역,남원읍,58.0,188710000.0,325406
2019,11,서귀포시 동부권역,남원읍,58.0,188710000.0,287494
2019,12,서귀포시 동부권역,남원읍,58.0,188710000.0,387527
2020,1,서귀포시 동부권역,남원읍,58.0,188710000.0,395285
2020,2,서귀포시 동부권역,남원읍,58.0,188710000.0,916
2020,3,서귀포시 동부권역,남원읍,58.0,188710000.0,117793
2020,4,서귀포시 동부권역,남원읍,58.0,188710000.0,124529
2020,5,서귀포시 동부권역,남원읍,58.0,188710000.0,202431
2020,6,서귀포시 동부권역,남원읍,58.0,188710000.0,196191
2020,7,서귀포시 동부권역,남원읍,58.0,188710000.0,242148
2020,8,서귀포시 동부권역,남원읍,58.0,188710000.0,308388
2020,9,서귀포시 동부권역,남원읍,58.0,188710000.0,182093
2020,10,서귀포시 동부권역,남원읍,58.0,188710000.0,314590
2020,11,서귀포시 동부권역,남원읍,58.0,188710000.0,347853
2020,12,서귀포시 동부권역,남원읍,58.0,188710000.0,228985
2021,1,서귀포시 동부권역,남원읍,58.0,188710000.0,181037
2021,2,서귀포시 동부권역,남원읍,58.0,188710000.0,215401
2021,3,서귀포시 동부권역,남원읍,58.0,188710000.0,223143
2021,4,서귀포시 동부권역,남원읍,58.0,188710000.0,321263
2021,5,서귀포시 동부권역,남원읍,58.0,188710000.0,381997
2021,6,서귀포시 동부권역,남원읍,58.0,188710000.0,335132
2021,7,서귀포시 동부권역,남원읍,58.0,188710000.0,324403
2021,8,서귀포시 동부권역,남원읍,58.0,188710000.0,297039
2021,9,서귀포시 동부권역,남원읍,58.0,188710000.0,257358
2021,10,서귀포시 동부권역,남원읍,58.0,188710000.0,421483
2021,11,서귀포시 동부권역,남원읍,58.0,188710000.0,428760
2021,12,서귀포시 동부권역,남원읍,58.0,188710000.0,228985
2022,1,서귀포시 동부권역,남원읍,58.0,188710000.0,600645
2022,2,서귀포시 동부권역,남원읍,58.0,188710000.0,424168
2022,3,서귀포시 동부권역,남원읍,58.0,188710000.0,290438
2022,4,서귀포시 동부권역,남원읍,58.0,188710000.0,393951
2022,5,서귀포시 동부권역,남원읍,58.0,188710000.0,464641
2022,6,서귀포시 동부권역,남원읍,58.0,188710000.0,402822
2022,7,서귀포시 동부권역,남원읍,58.0,188710000.0,358550
2022,8,서귀포시 동부권역,남원읍,58.0,188710000.0,415597
2022,9,서귀포시 동부권역,남원읍,58.0,188710000.0,285814
2022,10,서귀포시 동부권역,남원읍,58.0,188710000.0,417085
2022,11,서귀포시 동부권역,남원읍,58.0,188710000.0,321934
2019,1,제주시 동권역,노형동,9.0,14741085.3,358757
2019,2,제주시 동권역,노형동,9.0,14741085.3,330379
2019,3,제주시 동권역,노형동,9.0,14741085.3,289173
2019,4,제주시 동권역,노형동,9.0,14741085.3,302198
2019,5,제주시 동권역,노형동,9.0,14741085.3,301443
2019,6,제주시 동권역,노형동,9.0,14741085.3,302440
2019,7,제주시 동권역,노형동,9.0,14741085.3,393987
2019,8,제주시 동권역,노형동,9.0,14741085.3,480760
2019,9,제주시 동권역,노형동,9.0,14741085.3,364099
2019,10,제주시 동권역,노형동,9.0,14741085.3,417402
2019,11,제주시 동권역,노형동,9.0,14741085.3,400941
2019,12,제주시 동권역,노형동,9.0,14741085.3,399875
2020,1,제주시 동권역,노형동,9.0,14741085.3,570599
2020,2,제주시 동권역,노형동,9.0,14741085.3,3819
2020,3,제주시 동권역,노형동,9.0,14741085.3,232883
2020,4,제주시 동권역,노형동,9.0,14741085.3,212226
2020,5,제주시 동권역,노형동,9.0,14741085.3,298278
2020,6,제주시 동권역,노형동,9.0,14741085.3,320485
2020,7,제주시 동권역,노형동,9.0,14741085.3,373109
2020,8,제주시 동권역,노형동,9.0,14741085.3,476186
2020,9,제주시 동권역,노형동,9.0,14741085.3,284235
2020,10,제주시 동권역,노형동,9.0,14741085.3,401631
2020,11,제주시 동권역,노형동,9.0,14741085.3,447483
2020,12,제주시 동권역,노형동,9.0,14741085.3,273137
2021,1,제주시 동권역,노형동,9.0,14741085.3,263575
2021,2,제주시 동권역,노형동,9.0,14741085.3,345141
2021,3,제주시 동권역,노형동,9.0,14741085.3,367865
2021,4,제주시 동권역,노형동,9.0,14741085.3,445046
2021,5,제주시 동권역,노형동,9.0,14741085.3,478388
2021,6,제주시 동권역,노형동,9.0,14741085.3,435819
2021,7,제주시 동권역,노형동,9.0,14741085.3,570059
2021,8,제주시 동권역,노형동,9.0,14741085.3,568739
2021,9,제주시 동권역,노형동,9.0,14741085.3,429182
2021,10,제주시 동권역,노형동,9.0,14741085.3,605478
2021,11,제주시 동권역,노형동,9.0,14741085.3,636034
2021,12,제주시 동권역,노형동,9.0,14741085.3,273137
2022,1,제주시 동권역,노형동,9.0,14741085.3,773918
2022,2,제주시 동권역,노형동,9.0,14741085.3,670280
2022,3,제주시 동권역,노형동,9.0,14741085.3,482410
2022,4,제주시 동권역,노형동,9.0,14741085.3,593745
2022,5,제주시 동권역,노형동,9.0,14741085.3,671831
2022,6,제주시 동권역,노형동,9.0,14741085.3,692542
2022,7,제주시 동권역,노형동,9.0,14741085.3,727364
2022,8,제주시 동권역,노형동,9.0,14741085.3,812330
2022,9,제주시 동권역,노형동,9.0,14741085.3,576860
2022,10,제주시 동권역,노형동,9.0,14741085.3,449221
2022,11,제주시 동권역,노형동,9.0,14741085.3,399996
2019,1,서귀포시 서부권역,대정읍,65.0,78630000.0,293430
2019,2,서귀포시 서부권역,대정읍,65.0,78630000.0,273360
2019,3,서귀포시 서부권역,대정읍,65.0,78630000.0,310605
2019,4,서귀포시 서부권역,대정읍,65.0,78630000.0,357260
2019,5,서귀포시 서부권역,대정읍,65.0,78630000.0,358406
2019,6,서귀포시 서부권역,대정읍,65.0,78630000.0,302983
2019,7,서귀포시 서부권역,대정읍,65.0,78630000.0,268542
2019,8,서귀포시 서부권역,대정읍,65.0,78630000.0,339744
2019,9,서귀포시 서부권역,대정읍,65.0,78630000.0,214734
2019,10,서귀포시 서부권역,대정읍,65.0,78630000.0,271429
2019,11,서귀포시 서부권역,대정읍,65.0,78630000.0,264048
2019,12,서귀포시 서부권역,대정읍,65.0,78630000.0,239003
2020,1,서귀포시 서부권역,대정읍,65.0,78630000.0,264636
2020,2,서귀포시 서부권역,대정읍,65.0,78630000.0,2168
2020,3,서귀포시 서부권역,대정읍,65.0,78630000.0,131694
2020,4,서귀포시 서부권역,대정읍,65.0,78630000.0,136569
2020,5,서귀포시 서부권역,대정읍,65.0,78630000.0,206885
2020,6,서귀포시 서부권역,대정읍,65.0,78630000.0,189921
2020,7,서귀포시 서부권역,대정읍,65.0,78630000.0,219364
2020,8,서귀포시 서부권역,대정읍,65.0,78630000.0,294877
2020,9,서귀포시 서부권역,대정읍,65.0,78630000.0,186146
2020,10,서귀포시 서부권역,대정읍,65.0,78630000.0,290768
2020,11,서귀포시 서부권역,대정읍,65.0,78630000.0,315970
2020,12,서귀포시 서부권역,대정읍,65.0,78630000.0,179375
2021,1,서귀포시 서부권역,대정읍,65.0,78630000.0,155325
2021,2,서귀포시 서부권역,대정읍,65.0,78630000.0,214867
2021,3,서귀포시 서부권역,대정읍,65.0,78630000.0,265800
2021,4,서귀포시 서부권역,대정읍,65.0,78630000.0,366969
2021,5,서귀포시 서부권역,대정읍,65.0,78630000.0,381155
2021,6,서귀포시 서부권역,대정읍,65.0,78630000.0,346195
2021,7,서귀포시 서부권역,대정읍,65.0,78630000.0,390173
2021,8,서귀포시 서부권역,대정읍,65.0,78630000.0,463016
2021,9,서귀포시 서부권역,대정읍,65.0,78630000.0,331615
2021,10,서귀포시 서부권역,대정읍,65.0,78630000.0,466940
2021,11,서귀포시 서부권역,대정읍,65.0,78630000.0,433081
2021,12,서귀포시 서부권역,대정읍,65.0,78630000.0,179375
2022,1,서귀포시 서부권역,대정읍,65.0,78630000.0,466230
2022,2,서귀포시 서부권역,대정읍,65.0,78630000.0,401014
2022,3,서귀포시 서부권역,대정읍,65.0,78630000.0,310489
2022,4,서귀포시 서부권역,대정읍,65.0,78630000.0,441134
2022,5,서귀포시 서부권역,대정읍,65.0,78630000.0,485598
2022,6,서귀포시 서부권역,대정읍,65.0,78630000.0,421693
2022,7,서귀포시 서부권역,대정읍,65.0,78630000.0,387635
2022,8,서귀포시 서부권역,대정읍,65.0,78630000.0,536579
2022,9,서귀포시 서부권역,대정읍,65.0,78630000.0,354475
2022,10,서귀포시 서부권역,대정읍,65.0,78630000.0,461054
2022,11,서귀포시 서부권역,대정읍,65.0,78630000.0,371965
2019,1,서귀포시 동권역,동홍동,8.0,14306481.2,84315
2019,2,서귀포시 동권역,동홍동,8.0,14306481.2,82988
2019,3,서귀포시 동권역,동홍동,8.0,14306481.2,68939
2019,4,서귀포시 동권역,동홍동,8.0,14306481.2,70881
2019,5,서귀포시 동권역,동홍동,8.0,14306481.2,85807
2019,6,서귀포시 동권역,동홍동,8.0,14306481.2,69450
2019,7,서귀포시 동권역,동홍동,8.0,14306481.2,62334
2019,8,서귀포시 동권역,동홍동,8.0,14306481.2,72746
2019,9,서귀포시 동권역,동홍동,8.0,14306481.2,54343
2019,10,서귀포시 동권역,동홍동,8.0,14306481.2,56509
2019,11,서귀포시 동권역,동홍동,8.0,14306481.2,47537
2019,12,서귀포시 동권역,동홍동,8.0,14306481.2,55947
2020,1,서귀포시 동권역,동홍동,8.0,14306481.2,99709
2020,2,서귀포시 동권역,동홍동,8.0,14306481.2,1317
2020,3,서귀포시 동권역,동홍동,8.0,14306481.2,43713
2020,4,서귀포시 동권역,동홍동,8.0,14306481.2,39381
2020,5,서귀포시 동권역,동홍동,8.0,14306481.2,49594
2020,6,서귀포시 동권역,동홍동,8.0,14306481.2,47290
2020,7,서귀포시 동권역,동홍동,8.0,14306481.2,62530
2020,8,서귀포시 동권역,동홍동,8.0,14306481.2,75974
2020,9,서귀포시 동권역,동홍동,8.0,14306481.2,46915
2020,10,서귀포시 동권역,동홍동,8.0,14306481.2,62620
2020,11,서귀포시 동권역,동홍동,8.0,14306481.2,60042
2020,12,서귀포시 동권역,동홍동,8.0,14306481.2,45098
2021,1,서귀포시 동권역,동홍동,8.0,14306481.2,45811
2021,2,서귀포시 동권역,동홍동,8.0,14306481.2,54563
2021,3,서귀포시 동권역,동홍동,8.0,14306481.2,52911
2021,4,서귀포시 동권역,동홍동,8.0,14306481.2,65786
2021,5,서귀포시 동권역,동홍동,8.0,14306481.2,69338
2021,6,서귀포시 동권역,동홍동,8.0,14306481.2,65566
2021,7,서귀포시 동권역,동홍동,8.0,14306481.2,86932
2021,8,서귀포시 동권역,동홍동,8.0,14306481.2,79016
2021,9,서귀포시 동권역,동홍동,8.0,14306481.2,61217
2021,10,서귀포시 동권역,동홍동,8.0,14306481.2,74980
2021,11,서귀포시 동권역,동홍동,8.0,14306481.2,70578
2021,12,서귀포시 동권역,동홍동,8.0,14306481.2,45098
2022,1,서귀포시 동권역,동홍동,8.0,14306481.2,111927
2022,2,서귀포시 동권역,동홍동,8.0,14306481.2,83612
2022,3,서귀포시 동권역,동홍동,8.0,14306481.2,61823
2022,4,서귀포시 동권역,동홍동,8.0,14306481.2,69541
2022,5,서귀포시 동권역,동홍동,8.0,14306481.2,79610
2022,6,서귀포시 동권역,동홍동,8.0,14306481.2,77567
2022,7,서귀포시 동권역,동홍동,8.0,14306481.2,89305
2022,8,서귀포시 동권역,동홍동,8.0,14306481.2,99014
2022,9,서귀포시 동권역,동홍동,8.0,14306481.2,66389
2022,10,서귀포시 동권역,동홍동,8.0,14306481.2,52605
2022,11,서귀포시 동권역,동홍동,8.0,14306481.2,41296
2019,1,제주시 동권역,봉개동,12.0,23483701.9,100131
2019,2,제주시 동권역,봉개동,12.0,23483701.9,89861
2019,3,제주시 동권역,봉개동,12.0,23483701.9,110640
2019,4,제주시 동권역,봉개동,12.0,23483701.9,160224
2019,5,제주시 동권역,봉개동,12.0,23483701.9,193550
2019,6,제주시 동권역,봉개동,12.0,23483701.9,165478
2019,7,제주시 동권역,봉개동,12.0,23483701.9,144274
2019,8,제주시 동권역,봉개동,12.0,23483701.9,166217
2019,9,제주시 동권역,봉개동,12.0,23483701.9,118861
2019,10,제주시 동권역,봉개동,12.0,23483701.9,196680
2019,11,제주시 동권역,봉개동,12.0,23483701.9,145370
2019,12,제주시 동권역,봉개동,12.0,23483701.9,113430
2020,1,제주시 동권역,봉개동,12.0,23483701.9,111607
2020,2,제주시 동권역,봉개동,12.0,23483701.9,188
2020,3,제주시 동권역,봉개동,12.0,23483701.9,40375
2020,4,제주시 동권역,봉개동,12.0,23483701.9,45130
2020,5,제주시 동권역,봉개동,12.0,23483701.9,84755
2020,6,제주시 동권역,봉개동,12.0,23483701.9,84970
2020,7,제주시 동권역,봉개동,12.0,23483701.9,107634
2020,8,제주시 동권역,봉개동,12.0,23483701.9,157000
2020,9,제주시 동권역,봉개동,12.0,23483701.9,67932
2020,10,제주시 동권역,봉개동,12.0,23483701.9,130755
2020,11,제주시 동권역,봉개동,12.0,23483701.9,149224
2020,12,제주시 동권역,봉개동,12.0,23483701.9,54374
2021,1,제주시 동권역,봉개동,12.0,23483701.9,43913
2021,2,제주시 동권역,봉개동,12.0,23483701.9,70211
2021,3,제주시 동권역,봉개동,12.0,23483701.9,83383
2021,4,제주시 동권역,봉개동,12.0,23483701.9,137822
2021,5,제주시 동권역,봉개동,12.0,23483701.9,151996
2021,6,제주시 동권역,봉개동,12.0,23483701.9,139660
2021,7,제주시 동권역,봉개동,12.0,23483701.9,137523
2021,8,제주시 동권역,봉개동,12.0,23483701.9,108939
2021,9,제주시 동권역,봉개동,12.0,23483701.9,81606
2021,10,제주시 동권역,봉개동,12.0,23483701.9,143576
2021,11,제주시 동권역,봉개동,12.0,23483701.9,155115
2021,12,제주시 동권역,봉개동,12.0,23483701.9,54374
2022,1,제주시 동권역,봉개동,12.0,23483701.9,136022
2022,2,제주시 동권역,봉개동,12.0,23483701.9,130549
2022,3,제주시 동권역,봉개동,12.0,23483701.9,87896
2022,4,제주시 동권역,봉개동,12.0,23483701.9,149457
2022,5,제주시 동권역,봉개동,12.0,23483701.9,181179
2022,6,제주시 동권역,봉개동,12.0,23483701.9,177153
2022,7,제주시 동권역,봉개동,12.0,23483701.9,159621
2022,8,제주시 동권역,봉개동,12.0,23483701.9,167279
2022,9,제주시 동권역,봉개동,12.0,23483701.9,132136
2022,10,제주시 동권역,봉개동,12.0,23483701.9,202790
2022,11,제주시 동권역,봉개동,12.0,23483701.9,164661
2019,1,제주시 동권역,삼도일동,1.0,870273.2,36900
2019,2,제주시 동권역,삼도일동,1.0,870273.2,43802
2019,3,제주시 동권역,삼도일동,1.0,870273.2,43585
2019,4,제주시 동권역,삼도일동,1.0,870273.2,31409
2019,5,제주시 동권역,삼도일동,1.0,870273.2,30327
2019,6,제주시 동권역,삼도일동,1.0,870273.2,34691
2019,7,제주시 동권역,삼도일동,1.0,870273.2,31623
2019,8,제주시 동권역,삼도일동,1.0,870273.2,34379
2019,9,제주시 동권역,삼도일동,1.0,870273.2,27408
2019,10,제주시 동권역,삼도일동,1.0,870273.2,27501
2019,11,제주시 동권역,삼도일동,1.0,870273.2,26151
2019,12,제주시 동권역,삼도일동,1.0,870273.2,28904
2020,1,제주시 동권역,삼도일동,1.0,870273.2,44770
2020,2,제주시 동권역,삼도일동,1.0,870273.2,1292
2020,3,제주시 동권역,삼도일동,1.0,870273.2,16114
2020,4,제주시 동권역,삼도일동,1.0,870273.2,12593
2020,5,제주시 동권역,삼도일동,1.0,870273.2,17152
2020,6,제주시 동권역,삼도일동,1.0,870273.2,15916
2020,7,제주시 동권역,삼도일동,1.0,870273.2,20512
2020,8,제주시 동권역,삼도일동,1.0,870273.2,26428
2020,9,제주시 동권역,삼도일동,1.0,870273.2,16234
2020,10,제주시 동권역,삼도일동,1.0,870273.2,19332
2020,11,제주시 동권역,삼도일동,1.0,870273.2,20649
2020,12,제주시 동권역,삼도일동,1.0,870273.2,16052
2021,1,제주시 동권역,삼도일동,1.0,870273.2,18701
2021,2,제주시 동권역,삼도일동,1.0,870273.2,19136
2021,3,제주시 동권역,삼도일동,1.0,870273.2,21211
2021,4,제주시 동권역,삼도일동,1.0,870273.2,26925
2021,5,제주시 동권역,삼도일동,1.0,870273.2,31973
2021,6,제주시 동권역,삼도일동,1.0,870273.2,36399
2021,7,제주시 동권역,삼도일동,1.0,870273.2,53473
2021,8,제주시 동권역,삼도일동,1.0,870273.2,47936
2021,9,제주시 동권역,삼도일동,1.0,870273.2,40771
2021,10,제주시 동권역,삼도일동,1.0,870273.2,51014
2021,11,제주시 동권역,삼도일동,1.0,870273.2,54872
2021,12,제주시 동권역,삼도일동,1.0,870273.2,16052
2022,1,제주시 동권역,삼도일동,1.0,870273.2,64076
2022,2,제주시 동권역,삼도일동,1.0,870273.2,54627
2022,3,제주시 동권역,삼도일동,1.0,870273.2,36015
2022,4,제주시 동권역,삼도일동,1.0,870273.2,56111
2022,5,제주시 동권역,삼도일동,1.0,870273.2,51488
2022,6,제주시 동권역,삼도일동,1.0,870273.2,54593
2022,7,제주시 동권역,삼도일동,1.0,870273.2,52495
2022,8,제주시 동권역,삼도일동,1.0,870273.2,57095
2022,9,제주시 동권역,삼도일동,1.0,870273.2,44122
2022,10,제주시 동권역,삼도일동,1.0,870273.2,35066
2022,11,제주시 동권역,삼도일동,1.0,870273.2,30520
2019,1,제주시 동권역,삼도이동,12.0,834944.5,217812
2019,2,제주시 동권역,삼도이동,12.0,834944.5,213333
2019,3,제주시 동권역,삼도이동,12.0,834944.5,201806
2019,4,제주시 동권역,삼도이동,12.0,834944.5,164639
2019,5,제주시 동권역,삼도이동,12.0,834944.5,190268
2019,6,제주시 동권역,삼도이동,12.0,834944.5,182181
2019,7,제주시 동권역,삼도이동,12.0,834944.5,206670
2019,8,제주시 동권역,삼도이동,12.0,834944.5,261184
2019,9,제주시 동권역,삼도이동,12.0,834944.5,187693
2019,10,제주시 동권역,삼도이동,12.0,834944.5,203752
2019,11,제주시 동권역,삼도이동,12.0,834944.5,179643
2019,12,제주시 동권역,삼도이동,12.0,834944.5,192636
2020,1,제주시 동권역,삼도이동,12.0,834944.5,201666
2020,2,제주시 동권역,삼도이동,12.0,834944.5,675
2020,3,제주시 동권역,삼도이동,12.0,834944.5,71296
2020,4,제주시 동권역,삼도이동,12.0,834944.5,68578
2020,5,제주시 동권역,삼도이동,12.0,834944.5,118228
2020,6,제주시 동권역,삼도이동,12.0,834944.5,136054
2020,7,제주시 동권역,삼도이동,12.0,834944.5,169971
2020,8,제주시 동권역,삼도이동,12.0,834944.5,242220
2020,9,제주시 동권역,삼도이동,12.0,834944.5,126922
2020,10,제주시 동권역,삼도이동,12.0,834944.5,182053
2020,11,제주시 동권역,삼도이동,12.0,834944.5,217480
2020,12,제주시 동권역,삼도이동,12.0,834944.5,111662
2021,1,제주시 동권역,삼도이동,12.0,834944.5,91000
2021,2,제주시 동권역,삼도이동,12.0,834944.5,147676
2021,3,제주시 동권역,삼도이동,12.0,834944.5,174949
2021,4,제주시 동권역,삼도이동,12.0,834944.5,226913
2021,5,제주시 동권역,삼도이동,12.0,834944.5,239251
2021,6,제주시 동권역,삼도이동,12.0,834944.5,238914
2021,7,제주시 동권역,삼도이동,12.0,834944.5,205092
2021,8,제주시 동권역,삼도이동,12.0,834944.5,171578
2021,9,제주시 동권역,삼도이동,12.0,834944.5,125970
2021,10,제주시 동권역,삼도이동,12.0,834944.5,179472
2021,11,제주시 동권역,삼도이동,12.0,834944.5,189185
2021,12,제주시 동권역,삼도이동,12.0,834944.5,111662
2022,1,제주시 동권역,삼도이동,12.0,834944.5,214682
2022,2,제주시 동권역,삼도이동,12.0,834944.5,194542
2022,3,제주시 동권역,삼도이동,12.0,834944.5,143906
2022,4,제주시 동권역,삼도이동,12.0,834944.5,183947
2022,5,제주시 동권역,삼도이동,12.0,834944.5,215759
2022,6,제주시 동권역,삼도이동,12.0,834944.5,209512
2022,7,제주시 동권역,삼도이동,12.0,834944.5,234095
2022,8,제주시 동권역,삼도이동,12.0,834944.5,272770
2022,9,제주시 동권역,삼도이동,12.0,834944.5,180646
2022,10,제주시 동권역,삼도이동,12.0,834944.5,204168
2022,11,제주시 동권역,삼도이동,12.0,834944.5,176082
2019,1,서귀포시 동권역,서홍동,18.0,14717403.9,31537
2019,2,서귀포시 동권역,서홍동,18.0,14717403.9,39480
2019,3,서귀포시 동권역,서홍동,18.0,14717403.9,27347
2019,4,서귀포시 동권역,서홍동,18.0,14717403.9,22622
2019,5,서귀포시 동권역,서홍동,18.0,14717403.9,28475
2019,6,서귀포시 동권역,서홍동,18.0,14717403.9,29301
2019,7,서귀포시 동권역,서홍동,18.0,14717403.9,35844
2019,8,서귀포시 동권역,서홍동,18.0,14717403.9,45919
2019,9,서귀포시 동권역,서홍동,18.0,14717403.9,28969
2019,10,서귀포시 동권역,서홍동,18.0,14717403.9,29004
2019,11,서귀포시 동권역,서홍동,18.0,14717403.9,25902
2019,12,서귀포시 동권역,서홍동,18.0,14717403.9,33551
2020,1,서귀포시 동권역,서홍동,18.0,14717403.9,63396
2020,2,서귀포시 동권역,서홍동,18.0,14717403.9,356
2020,3,서귀포시 동권역,서홍동,18.0,14717403.9,23252
2020,4,서귀포시 동권역,서홍동,18.0,14717403.9,20796
2020,5,서귀포시 동권역,서홍동,18.0,14717403.9,26694
2020,6,서귀포시 동권역,서홍동,18.0,14717403.9,26169
2020,7,서귀포시 동권역,서홍동,18.0,14717403.9,34222
2020,8,서귀포시 동권역,서홍동,18.0,14717403.9,42742
2020,9,서귀포시 동권역,서홍동,18.0,14717403.9,19882
2020,10,서귀포시 동권역,서홍동,18.0,14717403.9,25472
2020,11,서귀포시 동권역,서홍동,18.0,14717403.9,22508
2020,12,서귀포시 동권역,서홍동,18.0,14717403.9,19120
2021,1,서귀포시 동권역,서홍동,18.0,14717403.9,22254
2021,2,서귀포시 동권역,서홍동,18.0,14717403.9,20027
2021,3,서귀포시 동권역,서홍동,18.0,14717403.9,18750
2021,4,서귀포시 동권역,서홍동,18.0,14717403.9,21284
2021,5,서귀포시 동권역,서홍동,18.0,14717403.9,22189
2021,6,서귀포시 동권역,서홍동,18.0,14717403.9,24497
2021,7,서귀포시 동권역,서홍동,18.0,14717403.9,41515
2021,8,서귀포시 동권역,서홍동,18.0,14717403.9,34935
2021,9,서귀포시 동권역,서홍동,18.0,14717403.9,26416
2021,10,서귀포시 동권역,서홍동,18.0,14717403.9,37458
2021,11,서귀포시 동권역,서홍동,18.0,14717403.9,36531
2021,12,서귀포시 동권역,서홍동,18.0,14717403.9,19120
2022,1,서귀포시 동권역,서홍동,18.0,14717403.9,64885
2022,2,서귀포시 동권역,서홍동,18.0,14717403.9,48483
2022,3,서귀포시 동권역,서홍동,18.0,14717403.9,32417
2022,4,서귀포시 동권역,서홍동,18.0,14717403.9,34830
2022,5,서귀포시 동권역,서홍동,18.0,14717403.9,40566
2022,6,서귀포시 동권역,서홍동,18.0,14717403.9,40549
2022,7,서귀포시 동권역,서홍동,18.0,14717403.9,49980
2022,8,서귀포시 동권역,서홍동,18.0,14717403.9,51491
2022,9,서귀포시 동권역,서홍동,18.0,14717403.9,33653
2022,10,서귀포시 동권역,서홍동,18.0,14717403.9,17418
2022,11,서귀포시 동권역,서홍동,18.0,14717403.9,13439
2019,1,서귀포시 동부권역,성산읍,64.0,91090000.0,620603
2019,2,서귀포시 동부권역,성산읍,64.0,91090000.0,601440
2019,3,서귀포시 동부권역,성산읍,64.0,91090000.0,639409
2019,4,서귀포시 동부권역,성산읍,64.0,91090000.0,684951
2019,5,서귀포시 동부권역,성산읍,64.0,91090000.0,719917
2019,6,서귀포시 동부권역,성산읍,64.0,91090000.0,662421
2019,7,서귀포시 동부권역,성산읍,64.0,91090000.0,672836
2019,8,서귀포시 동부권역,성산읍,64.0,91090000.0,883671
2019,9,서귀포시 동부권역,성산읍,64.0,91090000.0,608409
2019,10,서귀포시 동부권역,성산읍,64.0,91090000.0,766874
2019,11,서귀포시 동부권역,성산읍,64.0,91090000.0,615811
2019,12,서귀포시 동부권역,성산읍,64.0,91090000.0,615921
2020,1,서귀포시 동부권역,성산읍,64.0,91090000.0,622768
2020,2,서귀포시 동부권역,성산읍,64.0,91090000.0,1311
2020,3,서귀포시 동부권역,성산읍,64.0,91090000.0,287661
2020,4,서귀포시 동부권역,성산읍,64.0,91090000.0,267615
2020,5,서귀포시 동부권역,성산읍,64.0,91090000.0,459914
2020,6,서귀포시 동부권역,성산읍,64.0,91090000.0,463903
2020,7,서귀포시 동부권역,성산읍,64.0,91090000.0,579996
2020,8,서귀포시 동부권역,성산읍,64.0,91090000.0,786469
2020,9,서귀포시 동부권역,성산읍,64.0,91090000.0,436322
2020,10,서귀포시 동부권역,성산읍,64.0,91090000.0,624294
2020,11,서귀포시 동부권역,성산읍,64.0,91090000.0,654986
2020,12,서귀포시 동부권역,성산읍,64.0,91090000.0,328063
2021,1,서귀포시 동부권역,성산읍,64.0,91090000.0,279039
2021,2,서귀포시 동부권역,성산읍,64.0,91090000.0,466698
2021,3,서귀포시 동부권역,성산읍,64.0,91090000.0,517843
2021,4,서귀포시 동부권역,성산읍,64.0,91090000.0,676745
2021,5,서귀포시 동부권역,성산읍,64.0,91090000.0,743481
2021,6,서귀포시 동부권역,성산읍,64.0,91090000.0,714731
2021,7,서귀포시 동부권역,성산읍,64.0,91090000.0,749372
2021,8,서귀포시 동부권역,성산읍,64.0,91090000.0,736631
2021,9,서귀포시 동부권역,성산읍,64.0,91090000.0,558076
2021,10,서귀포시 동부권역,성산읍,64.0,91090000.0,808681
2021,11,서귀포시 동부권역,성산읍,64.0,91090000.0,766234
2021,12,서귀포시 동부권역,성산읍,64.0,91090000.0,328063
2022,1,서귀포시 동부권역,성산읍,64.0,91090000.0,850012
2022,2,서귀포시 동부권역,성산읍,64.0,91090000.0,799319
2022,3,서귀포시 동부권역,성산읍,64.0,91090000.0,561329
2022,4,서귀포시 동부권역,성산읍,64.0,91090000.0,745033
2022,5,서귀포시 동부권역,성산읍,64.0,91090000.0,840217
2022,6,서귀포시 동부권역,성산읍,64.0,91090000.0,838230
2022,7,서귀포시 동부권역,성산읍,64.0,91090000.0,789052
2022,8,서귀포시 동부권역,성산읍,64.0,91090000.0,956287
2022,9,서귀포시 동부권역,성산읍,64.0,91090000.0,631269
2022,10,서귀포시 동부권역,성산읍,64.0,91090000.0,864232
2022,11,서귀포시 동부권역,성산읍,64.0,91090000.0,635523
2019,1,서귀포시 서부권역,안덕면,73.0,105600000.0,519379
2019,2,서귀포시 서부권역,안덕면,73.0,105600000.0,479154
2019,3,서귀포시 서부권역,안덕면,73.0,105600000.0,489534
2019,4,서귀포시 서부권역,안덕면,73.0,105600000.0,579411
2019,5,서귀포시 서부권역,안덕면,73.0,105600000.0,614519
2019,6,서귀포시 서부권역,안덕면,73.0,105600000.0,580835
2019,7,서귀포시 서부권역,안덕면,73.0,105600000.0,596916
2019,8,서귀포시 서부권역,안덕면,73.0,105600000.0,735832
2019,9,서귀포시 서부권역,안덕면,73.0,105600000.0,547558
2019,10,서귀포시 서부권역,안덕면,73.0,105600000.0,722140
2019,11,서귀포시 서부권역,안덕면,73.0,105600000.0,607747
2019,12,서귀포시 서부권역,안덕면,73.0,105600000.0,652866
2020,1,서귀포시 서부권역,안덕면,73.0,105600000.0,655593
2020,2,서귀포시 서부권역,안덕면,73.0,105600000.0,2366
2020,3,서귀포시 서부권역,안덕면,73.0,105600000.0,274621
2020,4,서귀포시 서부권역,안덕면,73.0,105600000.0,269032
2020,5,서귀포시 서부권역,안덕면,73.0,105600000.0,491369
2020,6,서귀포시 서부권역,안덕면,73.0,105600000.0,522294
2020,7,서귀포시 서부권역,안덕면,73.0,105600000.0,631444
2020,8,서귀포시 서부권역,안덕면,73.0,105600000.0,879723
2020,9,서귀포시 서부권역,안덕면,73.0,105600000.0,492794
2020,10,서귀포시 서부권역,안덕면,73.0,105600000.0,712075
2020,11,서귀포시 서부권역,안덕면,73.0,105600000.0,766159
2020,12,서귀포시 서부권역,안덕면,73.0,105600000.0,414494
2021,1,서귀포시 서부권역,안덕면,73.0,105600000.0,342980
2021,2,서귀포시 서부권역,안덕면,73.0,105600000.0,556714
2021,3,서귀포시 서부권역,안덕면,73.0,105600000.0,606397
2021,4,서귀포시 서부권역,안덕면,73.0,105600000.0,774561
2021,5,서귀포시 서부권역,안덕면,73.0,105600000.0,903128
2021,6,서귀포시 서부권역,안덕면,73.0,105600000.0,877195
2021,7,서귀포시 서부권역,안덕면,73.0,105600000.0,827230
2021,8,서귀포시 서부권역,안덕면,73.0,105600000.0,821031
2021,9,서귀포시 서부권역,안덕면,73.0,105600000.0,600805
2021,10,서귀포시 서부권역,안덕면,73.0,105600000.0,864071
2021,11,서귀포시 서부권역,안덕면,73.0,105600000.0,902726
2021,12,서귀포시 서부권역,안덕면,73.0,105600000.0,414494
2022,1,서귀포시 서부권역,안덕면,73.0,105600000.0,997421
2022,2,서귀포시 서부권역,안덕면,73.0,105600000.0,927355
2022,3,서귀포시 서부권역,안덕면,73.0,105600000.0,644848
2022,4,서귀포시 서부권역,안덕면,73.0,105600000.0,890762
2022,5,서귀포시 서부권역,안덕면,73.0,105600000.0,1057381
2022,6,서귀포시 서부권역,안덕면,73.0,105600000.0,1077628
2022,7,서귀포시 서부권역,안덕면,73.0,105600000.0,1019871
2022,8,서귀포시 서부권역,안덕면,73.0,105600000.0,1218169
2022,9,서귀포시 서부권역,안덕면,73.0,105600000.0,788707
2022,10,서귀포시 서부권역,안덕면,73.0,105600000.0,1077413
2022,11,서귀포시 서부권역,안덕면,73.0,105600000.0,840606
2019,1,제주시 서부권역,애월읍,82.0,202200000.0,641891
2019,2,제주시 서부권역,애월읍,82.0,202200000.0,585535
2019,3,제주시 서부권역,애월읍,82.0,202200000.0,613804
2019,4,제주시 서부권역,애월읍,82.0,202200000.0,667780
2019,5,제주시 서부권역,애월읍,82.0,202200000.0,726243
2019,6,제주시 서부권역,애월읍,82.0,202200000.0,728333
2019,7,제주시 서부권역,애월읍,82.0,202200000.0,779095
2019,8,제주시 서부권역,애월읍,82.0,202200000.0,989712
2019,9,제주시 서부권역,애월읍,82.0,202200000.0,665992
2019,10,제주시 서부권역,애월읍,82.0,202200000.0,820861
2019,11,제주시 서부권역,애월읍,82.0,202200000.0,716429
2019,12,제주시 서부권역,애월읍,82.0,202200000.0,680098
2020,1,제주시 서부권역,애월읍,82.0,202200000.0,734535
2020,2,제주시 서부권역,애월읍,82.0,202200000.0,2315
2020,3,제주시 서부권역,애월읍,82.0,202200000.0,395818
2020,4,제주시 서부권역,애월읍,82.0,202200000.0,388348
2020,5,제주시 서부권역,애월읍,82.0,202200000.0,614501
2020,6,제주시 서부권역,애월읍,82.0,202200000.0,640002
2020,7,제주시 서부권역,애월읍,82.0,202200000.0,773342
2020,8,제주시 서부권역,애월읍,82.0,202200000.0,1074121
2020,9,제주시 서부권역,애월읍,82.0,202200000.0,615340
2020,10,제주시 서부권역,애월읍,82.0,202200000.0,921737
2020,11,제주시 서부권역,애월읍,82.0,202200000.0,968085
2020,12,제주시 서부권역,애월읍,82.0,202200000.0,510178
2021,1,제주시 서부권역,애월읍,82.0,202200000.0,442606
2021,2,제주시 서부권역,애월읍,82.0,202200000.0,717615
2021,3,제주시 서부권역,애월읍,82.0,202200000.0,790263
2021,4,제주시 서부권역,애월읍,82.0,202200000.0,994139
2021,5,제주시 서부권역,애월읍,82.0,202200000.0,1108393
2021,6,제주시 서부권역,애월읍,82.0,202200000.0,1064405
2021,7,제주시 서부권역,애월읍,82.0,202200000.0,1165811
2021,8,제주시 서부권역,애월읍,82.0,202200000.0,1126850
2021,9,제주시 서부권역,애월읍,82.0,202200000.0,828307
2021,10,제주시 서부권역,애월읍,82.0,202200000.0,1200541
2021,11,제주시 서부권역,애월읍,82.0,202200000.0,1132001
2021,12,제주시 서부권역,애월읍,82.0,202200000.0,510178
2022,1,제주시 서부권역,애월읍,82.0,202200000.0,1259799
2022,2,제주시 서부권역,애월읍,82.0,202200000.0,1152157
2022,3,제주시 서부권역,애월읍,82.0,202200000.0,824484
2022,4,제주시 서부권역,애월읍,82.0,202200000.0,1036688
2022,5,제주시 서부권역,애월읍,82.0,202200000.0,1187209
2022,6,제주시 서부권역,애월읍,82.0,202200000.0,1197641
2022,7,제주시 서부권역,애월읍,82.0,202200000.0,1245814
2022,8,제주시 서부권역,애월읍,82.0,202200000.0,1447518
2022,9,제주시 서부권역,애월읍,82.0,202200000.0,919061
2022,10,제주시 서부권역,애월읍,82.0,202200000.0,1025675
2022,11,제주시 서부권역,애월읍,82.0,202200000.0,922973
2019,1,제주시 동권역,연동,14.0,12327182.4,514815
2019,2,제주시 동권역,연동,14.0,12327182.4,455921
2019,3,제주시 동권역,연동,14.0,12327182.4,568634
2019,4,제주시 동권역,연동,14.0,12327182.4,631879
2019,5,제주시 동권역,연동,14.0,12327182.4,627039
2019,6,제주시 동권역,연동,14.0,12327182.4,602291
2019,7,제주시 동권역,연동,14.0,12327182.4,537287
2019,8,제주시 동권역,연동,14.0,12327182.4,660879
2019,9,제주시 동권역,연동,14.0,12327182.4,508103
2019,10,제주시 동권역,연동,14.0,12327182.4,610651
2019,11,제주시 동권역,연동,14.0,12327182.4,606497
2019,12,제주시 동권역,연동,14.0,12327182.4,552661
2020,1,제주시 동권역,연동,14.0,12327182.4,628813
2020,2,제주시 동권역,연동,14.0,12327182.4,8680
2020,3,제주시 동권역,연동,14.0,12327182.4,272174
2020,4,제주시 동권역,연동,14.0,12327182.4,259936
2020,5,제주시 동권역,연동,14.0,12327182.4,400428
2020,6,제주시 동권역,연동,14.0,12327182.4,428439
2020,7,제주시 동권역,연동,14.0,12327182.4,489748
2020,8,제주시 동권역,연동,14.0,12327182.4,726908
2020,9,제주시 동권역,연동,14.0,12327182.4,423316
2020,10,제주시 동권역,연동,14.0,12327182.4,623211
2020,11,제주시 동권역,연동,14.0,12327182.4,753059
2020,12,제주시 동권역,연동,14.0,12327182.4,390838
2021,1,제주시 동권역,연동,14.0,12327182.4,340332
2021,2,제주시 동권역,연동,14.0,12327182.4,475413
2021,3,제주시 동권역,연동,14.0,12327182.4,554174
2021,4,제주시 동권역,연동,14.0,12327182.4,695442
2021,5,제주시 동권역,연동,14.0,12327182.4,778284
2021,6,제주시 동권역,연동,14.0,12327182.4,776935
2021,7,제주시 동권역,연동,14.0,12327182.4,750561
2021,8,제주시 동권역,연동,14.0,12327182.4,661634
2021,9,제주시 동권역,연동,14.0,12327182.4,504212
2021,10,제주시 동권역,연동,14.0,12327182.4,790295
2021,11,제주시 동권역,연동,14.0,12327182.4,866288
2021,12,제주시 동권역,연동,14.0,12327182.4,390838
2022,1,제주시 동권역,연동,14.0,12327182.4,1030548
2022,2,제주시 동권역,연동,14.0,12327182.4,993447
2022,3,제주시 동권역,연동,14.0,12327182.4,765793
2022,4,제주시 동권역,연동,14.0,12327182.4,950252
2022,5,제주시 동권역,연동,14.0,12327182.4,1132280
2022,6,제주시 동권역,연동,14.0,12327182.4,1181199
2022,7,제주시 동권역,연동,14.0,12327182.4,1108035
2022,8,제주시 동권역,연동,14.0,12327182.4,1246307
2022,9,제주시 동권역,연동,14.0,12327182.4,967868
2022,10,제주시 동권역,연동,14.0,12327182.4,1173243
2022,11,제주시 동권역,연동,14.0,12327182.4,1161624
2019,1,제주시 동권역,용담일동,3.0,675666.7,24362
2019,2,제주시 동권역,용담일동,3.0,675666.7,25470
2019,3,제주시 동권역,용담일동,3.0,675666.7,22299
2019,4,제주시 동권역,용담일동,3.0,675666.7,25031
2019,5,제주시 동권역,용담일동,3.0,675666.7,25282
2019,6,제주시 동권역,용담일동,3.0,675666.7,22650
2019,7,제주시 동권역,용담일동,3.0,675666.7,24907
2019,8,제주시 동권역,용담일동,3.0,675666.7,30131
2019,9,제주시 동권역,용담일동,3.0,675666.7,20596
2019,10,제주시 동권역,용담일동,3.0,675666.7,25350
2019,11,제주시 동권역,용담일동,3.0,675666.7,12782
2019,12,제주시 동권역,용담일동,3.0,675666.7,14503
2020,1,제주시 동권역,용담일동,3.0,675666.7,27561
2020,2,제주시 동권역,용담일동,3.0,675666.7,415
2020,3,제주시 동권역,용담일동,3.0,675666.7,11484
2020,4,제주시 동권역,용담일동,3.0,675666.7,10376
2020,5,제주시 동권역,용담일동,3.0,675666.7,13599
2020,6,제주시 동권역,용담일동,3.0,675666.7,13160
2020,7,제주시 동권역,용담일동,3.0,675666.7,19096
2020,8,제주시 동권역,용담일동,3.0,675666.7,23938
2020,9,제주시 동권역,용담일동,3.0,675666.7,13261
2020,10,제주시 동권역,용담일동,3.0,675666.7,20242
2020,11,제주시 동권역,용담일동,3.0,675666.7,23148
2020,12,제주시 동권역,용담일동,3.0,675666.7,12016
2021,1,제주시 동권역,용담일동,3.0,675666.7,10661
2021,2,제주시 동권역,용담일동,3.0,675666.7,15664
2021,3,제주시 동권역,용담일동,3.0,675666.7,19136
2021,4,제주시 동권역,용담일동,3.0,675666.7,26558
2021,5,제주시 동권역,용담일동,3.0,675666.7,28155
2021,6,제주시 동권역,용담일동,3.0,675666.7,27711
2021,7,제주시 동권역,용담일동,3.0,675666.7,31123
2021,8,제주시 동권역,용담일동,3.0,675666.7,30204
2021,9,제주시 동권역,용담일동,3.0,675666.7,32969
2021,10,제주시 동권역,용담일동,3.0,675666.7,34140
2021,11,제주시 동권역,용담일동,3.0,675666.7,40166
2021,12,제주시 동권역,용담일동,3.0,675666.7,12016
2022,1,제주시 동권역,용담일동,3.0,675666.7,44281
2022,2,제주시 동권역,용담일동,3.0,675666.7,41382
2022,3,제주시 동권역,용담일동,3.0,675666.7,32612
2022,4,제주시 동권역,용담일동,3.0,675666.7,45829
2022,5,제주시 동권역,용담일동,3.0,675666.7,44528
2022,6,제주시 동권역,용담일동,3.0,675666.7,46506
2022,7,제주시 동권역,용담일동,3.0,675666.7,44586
2022,8,제주시 동권역,용담일동,3.0,675666.7,47223
2022,9,제주시 동권역,용담일동,3.0,675666.7,34703
2022,10,제주시 동권역,용담일동,3.0,675666.7,31322
2022,11,제주시 동권역,용담일동,3.0,675666.7,25426
2019,1,제주시 동권역,용담이동,10.0,3500036.3,1253743
2019,2,제주시 동권역,용담이동,10.0,3500036.3,1097081
2019,3,제주시 동권역,용담이동,10.0,3500036.3,1163483
2019,4,제주시 동권역,용담이동,10.0,3500036.3,1207678
2019,5,제주시 동권역,용담이동,10.0,3500036.3,1328202
2019,6,제주시 동권역,용담이동,10.0,3500036.3,1250364
2019,7,제주시 동권역,용담이동,10.0,3500036.3,1250537
2019,8,제주시 동권역,용담이동,10.0,3500036.3,1520737
2019,9,제주시 동권역,용담이동,10.0,3500036.3,1162742
2019,10,제주시 동권역,용담이동,10.0,3500036.3,1342792
2019,11,제주시 동권역,용담이동,10.0,3500036.3,1202425
2019,12,제주시 동권역,용담이동,10.0,3500036.3,1196122
2020,1,제주시 동권역,용담이동,10.0,3500036.3,1135766
2020,2,제주시 동권역,용담이동,10.0,3500036.3,1437
2020,3,제주시 동권역,용담이동,10.0,3500036.3,503832
2020,4,제주시 동권역,용담이동,10.0,3500036.3,527024
2020,5,제주시 동권역,용담이동,10.0,3500036.3,902404
2020,6,제주시 동권역,용담이동,10.0,3500036.3,1022965
2020,7,제주시 동권역,용담이동,10.0,3500036.3,1176673
2020,8,제주시 동권역,용담이동,10.0,3500036.3,1360375
2020,9,제주시 동권역,용담이동,10.0,3500036.3,735780
2020,10,제주시 동권역,용담이동,10.0,3500036.3,1188027
2020,11,제주시 동권역,용담이동,10.0,3500036.3,1369662
2020,12,제주시 동권역,용담이동,10.0,3500036.3,661801
2021,1,제주시 동권역,용담이동,10.0,3500036.3,525786
2021,2,제주시 동권역,용담이동,10.0,3500036.3,943920
2021,3,제주시 동권역,용담이동,10.0,3500036.3,1141569
2021,4,제주시 동권역,용담이동,10.0,3500036.3,1436368
2021,5,제주시 동권역,용담이동,10.0,3500036.3,1432628
2021,6,제주시 동권역,용담이동,10.0,3500036.3,1370051
2021,7,제주시 동권역,용담이동,10.0,3500036.3,1370625
2021,8,제주시 동권역,용담이동,10.0,3500036.3,1340751
2021,9,제주시 동권역,용담이동,10.0,3500036.3,1084456
2021,10,제주시 동권역,용담이동,10.0,3500036.3,1615208
2021,11,제주시 동권역,용담이동,10.0,3500036.3,1719507
2021,12,제주시 동권역,용담이동,10.0,3500036.3,661801
2022,1,제주시 동권역,용담이동,10.0,3500036.3,1363875
2022,2,제주시 동권역,용담이동,10.0,3500036.3,1152645
2022,3,제주시 동권역,용담이동,10.0,3500036.3,868723
2022,4,제주시 동권역,용담이동,10.0,3500036.3,1224589
2022,5,제주시 동권역,용담이동,10.0,3500036.3,1286134
2022,6,제주시 동권역,용담이동,10.0,3500036.3,1267700
2022,7,제주시 동권역,용담이동,10.0,3500036.3,1099241
2022,8,제주시 동권역,용담이동,10.0,3500036.3,1229176
2022,9,제주시 동권역,용담이동,10.0,3500036.3,822926
2022,10,제주시 동권역,용담이동,10.0,3500036.3,469003
2022,11,제주시 동권역,용담이동,10.0,3500036.3,419203
2019,1,도서산간,우도면,22.0,6180000.0,102036
2019,2,도서산간,우도면,22.0,6180000.0,103350
2019,3,도서산간,우도면,22.0,6180000.0,129127
2019,4,도서산간,우도면,22.0,6180000.0,132367
2019,5,도서산간,우도면,22.0,6180000.0,134544
2019,6,도서산간,우도면,22.0,6180000.0,131858
2019,7,도서산간,우도면,22.0,6180000.0,135476
2019,8,도서산간,우도면,22.0,6180000.0,189393
2019,9,도서산간,우도면,22.0,6180000.0,98988
2019,10,도서산간,우도면,22.0,6180000.0,153436
2019,11,도서산간,우도면,22.0,6180000.0,109615
2019,12,도서산간,우도면,22.0,6180000.0,86834
2020,1,도서산간,우도면,22.0,6180000.0,78878
2020,2,도서산간,우도면,22.0,6180000.0,125
2020,3,도서산간,우도면,22.0,6180000.0,50573
2020,4,도서산간,우도면,22.0,6180000.0,50911
2020,5,도서산간,우도면,22.0,6180000.0,91660
2020,6,도서산간,우도면,22.0,6180000.0,90283
2020,7,도서산간,우도면,22.0,6180000.0,114745
2020,8,도서산간,우도면,22.0,6180000.0,164328
2020,9,도서산간,우도면,22.0,6180000.0,97847
2020,10,도서산간,우도면,22.0,6180000.0,142183
2020,11,도서산간,우도면,22.0,6180000.0,136234
2020,12,도서산간,우도면,22.0,6180000.0,56919
2021,1,도서산간,우도면,22.0,6180000.0,39058
2021,2,도서산간,우도면,22.0,6180000.0,68722
2021,3,도서산간,우도면,22.0,6180000.0,98942
2021,4,도서산간,우도면,22.0,6180000.0,131015
2021,5,도서산간,우도면,22.0,6180000.0,149664
2021,6,도서산간,우도면,22.0,6180000.0,155471
2021,7,도서산간,우도면,22.0,6180000.0,145512
2021,8,도서산간,우도면,22.0,6180000.0,148306
2021,9,도서산간,우도면,22.0,6180000.0,120729
2021,10,도서산간,우도면,22.0,6180000.0,178260
2021,11,도서산간,우도면,22.0,6180000.0,154598
2021,12,도서산간,우도면,22.0,6180000.0,56919
2022,1,도서산간,우도면,22.0,6180000.0,121788
2022,2,도서산간,우도면,22.0,6180000.0,125515
2022,3,도서산간,우도면,22.0,6180000.0,98677
2022,4,도서산간,우도면,22.0,6180000.0,157142
2022,5,도서산간,우도면,22.0,6180000.0,190446
2022,6,도서산간,우도면,22.0,6180000.0,165786
2022,7,도서산간,우도면,22.0,6180000.0,150633
2022,8,도서산간,우도면,22.0,6180000.0,198230
2022,9,도서산간,우도면,22.0,6180000.0,115399
2022,10,도서산간,우도면,22.0,6180000.0,185981
2022,11,도서산간,우도면,22.0,6180000.0,124404
2019,1,제주시 동권역,이도일동,4.0,690267.5,107700
2019,2,제주시 동권역,이도일동,4.0,690267.5,89879
2019,3,제주시 동권역,이도일동,4.0,690267.5,103283
2019,4,제주시 동권역,이도일동,4.0,690267.5,132003
2019,5,제주시 동권역,이도일동,4.0,690267.5,111860
2019,6,제주시 동권역,이도일동,4.0,690267.5,109088
2019,7,제주시 동권역,이도일동,4.0,690267.5,113600
2019,8,제주시 동권역,이도일동,4.0,690267.5,136751
2019,9,제주시 동권역,이도일동,4.0,690267.5,94456
2019,10,제주시 동권역,이도일동,4.0,690267.5,125573
2019,11,제주시 동권역,이도일동,4.0,690267.5,109322
2019,12,제주시 동권역,이도일동,4.0,690267.5,125454
2020,1,제주시 동권역,이도일동,4.0,690267.5,130245
2020,2,제주시 동권역,이도일동,4.0,690267.5,445
2020,3,제주시 동권역,이도일동,4.0,690267.5,34051
2020,4,제주시 동권역,이도일동,4.0,690267.5,27984
2020,5,제주시 동권역,이도일동,4.0,690267.5,43778
2020,6,제주시 동권역,이도일동,4.0,690267.5,44809
2020,7,제주시 동권역,이도일동,4.0,690267.5,58517
2020,8,제주시 동권역,이도일동,4.0,690267.5,79537
2020,9,제주시 동권역,이도일동,4.0,690267.5,38765
2020,10,제주시 동권역,이도일동,4.0,690267.5,58811
2020,11,제주시 동권역,이도일동,4.0,690267.5,70833
2020,12,제주시 동권역,이도일동,4.0,690267.5,33371
2021,1,제주시 동권역,이도일동,4.0,690267.5,30492
2021,2,제주시 동권역,이도일동,4.0,690267.5,44433
2021,3,제주시 동권역,이도일동,4.0,690267.5,60906
2021,4,제주시 동권역,이도일동,4.0,690267.5,65881
2021,5,제주시 동권역,이도일동,4.0,690267.5,68837
2021,6,제주시 동권역,이도일동,4.0,690267.5,66027
2021,7,제주시 동권역,이도일동,4.0,690267.5,81533
2021,8,제주시 동권역,이도일동,4.0,690267.5,81573
2021,9,제주시 동권역,이도일동,4.0,690267.5,60502
2021,10,제주시 동권역,이도일동,4.0,690267.5,86609
2021,11,제주시 동권역,이도일동,4.0,690267.5,87211
2021,12,제주시 동권역,이도일동,4.0,690267.5,33371
2022,1,제주시 동권역,이도일동,4.0,690267.5,116255
2022,2,제주시 동권역,이도일동,4.0,690267.5,100238
2022,3,제주시 동권역,이도일동,4.0,690267.5,71958
2022,4,제주시 동권역,이도일동,4.0,690267.5,81394
2022,5,제주시 동권역,이도일동,4.0,690267.5,73560
2022,6,제주시 동권역,이도일동,4.0,690267.5,78799
2022,7,제주시 동권역,이도일동,4.0,690267.5,84324
2022,8,제주시 동권역,이도일동,4.0,690267.5,99983
2022,9,제주시 동권역,이도일동,4.0,690267.5,74486
2022,10,제주시 동권역,이도일동,4.0,690267.5,58334
2022,11,제주시 동권역,이도일동,4.0,690267.5,49068
2019,1,제주시 동권역,이도이동,4.0,2966842.7,170405
2019,2,제주시 동권역,이도이동,4.0,2966842.7,193088
2019,3,제주시 동권역,이도이동,4.0,2966842.7,146806
2019,4,제주시 동권역,이도이동,4.0,2966842.7,150480
2019,5,제주시 동권역,이도이동,4.0,2966842.7,153488
2019,6,제주시 동권역,이도이동,4.0,2966842.7,152044
2019,7,제주시 동권역,이도이동,4.0,2966842.7,177751
2019,8,제주시 동권역,이도이동,4.0,2966842.7,210005
2019,9,제주시 동권역,이도이동,4.0,2966842.7,164623
2019,10,제주시 동권역,이도이동,4.0,2966842.7,153968
2019,11,제주시 동권역,이도이동,4.0,2966842.7,135211
2019,12,제주시 동권역,이도이동,4.0,2966842.7,154413
2020,1,제주시 동권역,이도이동,4.0,2966842.7,260388
2020,2,제주시 동권역,이도이동,4.0,2966842.7,1579
2020,3,제주시 동권역,이도이동,4.0,2966842.7,129018
2020,4,제주시 동권역,이도이동,4.0,2966842.7,110059
2020,5,제주시 동권역,이도이동,4.0,2966842.7,144412
2020,6,제주시 동권역,이도이동,4.0,2966842.7,150832
2020,7,제주시 동권역,이도이동,4.0,2966842.7,195392
2020,8,제주시 동권역,이도이동,4.0,2966842.7,217997
2020,9,제주시 동권역,이도이동,4.0,2966842.7,135851
2020,10,제주시 동권역,이도이동,4.0,2966842.7,165877
2020,11,제주시 동권역,이도이동,4.0,2966842.7,173793
2020,12,제주시 동권역,이도이동,4.0,2966842.7,121324
2021,1,제주시 동권역,이도이동,4.0,2966842.7,122589
2021,2,제주시 동권역,이도이동,4.0,2966842.7,157593
2021,3,제주시 동권역,이도이동,4.0,2966842.7,166456
2021,4,제주시 동권역,이도이동,4.0,2966842.7,174003
2021,5,제주시 동권역,이도이동,4.0,2966842.7,183599
2021,6,제주시 동권역,이도이동,4.0,2966842.7,172511
2021,7,제주시 동권역,이도이동,4.0,2966842.7,216013
2021,8,제주시 동권역,이도이동,4.0,2966842.7,185983
2021,9,제주시 동권역,이도이동,4.0,2966842.7,160818
2021,10,제주시 동권역,이도이동,4.0,2966842.7,185670
2021,11,제주시 동권역,이도이동,4.0,2966842.7,196839
2021,12,제주시 동권역,이도이동,4.0,2966842.7,121324
2022,1,제주시 동권역,이도이동,4.0,2966842.7,248529
2022,2,제주시 동권역,이도이동,4.0,2966842.7,209314
2022,3,제주시 동권역,이도이동,4.0,2966842.7,173684
2022,4,제주시 동권역,이도이동,4.0,2966842.7,184418
2022,5,제주시 동권역,이도이동,4.0,2966842.7,200150
2022,6,제주시 동권역,이도이동,4.0,2966842.7,209089
2022,7,제주시 동권역,이도이동,4.0,2966842.7,244081
2022,8,제주시 동권역,이도이동,4.0,2966842.7,246377
2022,9,제주시 동권역,이도이동,4.0,2966842.7,187881
2022,10,제주시 동권역,이도이동,4.0,2966842.7,144710
2022,11,제주시 동권역,이도이동,4.0,2966842.7,130785
2019,1,제주시 동권역,일도일동,5.0,326371.9,40247
2019,2,제주시 동권역,일도일동,5.0,326371.9,43875
2019,3,제주시 동권역,일도일동,5.0,326371.9,41885
2019,4,제주시 동권역,일도일동,5.0,326371.9,54788
2019,5,제주시 동권역,일도일동,5.0,326371.9,46240
2019,6,제주시 동권역,일도일동,5.0,326371.9,43467
2019,7,제주시 동권역,일도일동,5.0,326371.9,34162
2019,8,제주시 동권역,일도일동,5.0,326371.9,39232
2019,9,제주시 동권역,일도일동,5.0,326371.9,24299
2019,10,제주시 동권역,일도일동,5.0,326371.9,29131
2019,11,제주시 동권역,일도일동,5.0,326371.9,17712
2019,12,제주시 동권역,일도일동,5.0,326371.9,19505
2020,1,제주시 동권역,일도일동,5.0,326371.9,36101
2020,2,제주시 동권역,일도일동,5.0,326371.9,254
2020,3,제주시 동권역,일도일동,5.0,326371.9,33953
2020,4,제주시 동권역,일도일동,5.0,326371.9,35617
2020,5,제주시 동권역,일도일동,5.0,326371.9,59180
2020,6,제주시 동권역,일도일동,5.0,326371.9,59308
2020,7,제주시 동권역,일도일동,5.0,326371.9,77635
2020,8,제주시 동권역,일도일동,5.0,326371.9,76993
2020,9,제주시 동권역,일도일동,5.0,326371.9,41336
2020,10,제주시 동권역,일도일동,5.0,326371.9,60195
2020,11,제주시 동권역,일도일동,5.0,326371.9,71795
2020,12,제주시 동권역,일도일동,5.0,326371.9,37576
2021,1,제주시 동권역,일도일동,5.0,326371.9,32711
2021,2,제주시 동권역,일도일동,5.0,326371.9,55532
2021,3,제주시 동권역,일도일동,5.0,326371.9,63589
2021,4,제주시 동권역,일도일동,5.0,326371.9,79821
2021,5,제주시 동권역,일도일동,5.0,326371.9,78694
2021,6,제주시 동권역,일도일동,5.0,326371.9,81139
2021,7,제주시 동권역,일도일동,5.0,326371.9,66088
2021,8,제주시 동권역,일도일동,5.0,326371.9,50793
2021,9,제주시 동권역,일도일동,5.0,326371.9,54831
2021,10,제주시 동권역,일도일동,5.0,326371.9,53525
2021,11,제주시 동권역,일도일동,5.0,326371.9,70699
2021,12,제주시 동권역,일도일동,5.0,326371.9,37576
2022,1,제주시 동권역,일도일동,5.0,326371.9,103109
2022,2,제주시 동권역,일도일동,5.0,326371.9,103827
2022,3,제주시 동권역,일도일동,5.0,326371.9,72312
2022,4,제주시 동권역,일도일동,5.0,326371.9,103216
2022,5,제주시 동권역,일도일동,5.0,326371.9,95602
2022,6,제주시 동권역,일도일동,5.0,326371.9,74773
2022,7,제주시 동권역,일도일동,5.0,326371.9,68943
2022,8,제주시 동권역,일도일동,5.0,326371.9,77510
2022,9,제주시 동권역,일도일동,5.0,326371.9,54752
2022,10,제주시 동권역,일도일동,5.0,326371.9,55101
2022,11,제주시 동권역,일도일동,5.0,326371.9,40971
2019,1,제주시 동권역,일도이동,8.0,2180000.0,113152
2019,2,제주시 동권역,일도이동,8.0,2180000.0,122472
2019,3,제주시 동권역,일도이동,8.0,2180000.0,109493
2019,4,제주시 동권역,일도이동,8.0,2180000.0,140900
2019,5,제주시 동권역,일도이동,8.0,2180000.0,182345
2019,6,제주시 동권역,일도이동,8.0,2180000.0,213157
2019,7,제주시 동권역,일도이동,8.0,2180000.0,218543
2019,8,제주시 동권역,일도이동,8.0,2180000.0,300746
2019,9,제주시 동권역,일도이동,8.0,2180000.0,213490
2019,10,제주시 동권역,일도이동,8.0,2180000.0,233803
2019,11,제주시 동권역,일도이동,8.0,2180000.0,289760
2019,12,제주시 동권역,일도이동,8.0,2180000.0,269074
2020,1,제주시 동권역,일도이동,8.0,2180000.0,308530
2020,2,제주시 동권역,일도이동,8.0,2180000.0,1030
2020,3,제주시 동권역,일도이동,8.0,2180000.0,102681
2020,4,제주시 동권역,일도이동,8.0,2180000.0,97055
2020,5,제주시 동권역,일도이동,8.0,2180000.0,148169
2020,6,제주시 동권역,일도이동,8.0,2180000.0,147567
2020,7,제주시 동권역,일도이동,8.0,2180000.0,183532
2020,8,제주시 동권역,일도이동,8.0,2180000.0,249693
2020,9,제주시 동권역,일도이동,8.0,2180000.0,148496
2020,10,제주시 동권역,일도이동,8.0,2180000.0,216167
2020,11,제주시 동권역,일도이동,8.0,2180000.0,236118
2020,12,제주시 동권역,일도이동,8.0,2180000.0,133466
2021,1,제주시 동권역,일도이동,8.0,2180000.0,121342
2021,2,제주시 동권역,일도이동,8.0,2180000.0,176356
2021,3,제주시 동권역,일도이동,8.0,2180000.0,189477
2021,4,제주시 동권역,일도이동,8.0,2180000.0,229935
2021,5,제주시 동권역,일도이동,8.0,2180000.0,246540
2021,6,제주시 동권역,일도이동,8.0,2180000.0,236663
2021,7,제주시 동권역,일도이동,8.0,2180000.0,198386
2021,8,제주시 동권역,일도이동,8.0,2180000.0,183637
2021,9,제주시 동권역,일도이동,8.0,2180000.0,166077
2021,10,제주시 동권역,일도이동,8.0,2180000.0,181639
2021,11,제주시 동권역,일도이동,8.0,2180000.0,194090
2021,12,제주시 동권역,일도이동,8.0,2180000.0,133466
2022,1,제주시 동권역,일도이동,8.0,2180000.0,321046
2022,2,제주시 동권역,일도이동,8.0,2180000.0,270328
2022,3,제주시 동권역,일도이동,8.0,2180000.0,176617
2022,4,제주시 동권역,일도이동,8.0,2180000.0,210126
2022,5,제주시 동권역,일도이동,8.0,2180000.0,264826
2022,6,제주시 동권역,일도이동,8.0,2180000.0,287798
2022,7,제주시 동권역,일도이동,8.0,2180000.0,287163
2022,8,제주시 동권역,일도이동,8.0,2180000.0,280524
2022,9,제주시 동권역,일도이동,8.0,2180000.0,229376
2022,10,제주시 동권역,일도이동,8.0,2180000.0,250466
2022,11,제주시 동권역,일도이동,8.0,2180000.0,309496
2019,1,제주시 동부권역,조천읍,71.0,150600000.0,503924
2019,2,제주시 동부권역,조천읍,71.0,150600000.0,449094
2019,3,제주시 동부권역,조천읍,71.0,150600000.0,528167
2019,4,제주시 동부권역,조천읍,71.0,150600000.0,634471
2019,5,제주시 동부권역,조천읍,71.0,150600000.0,681021
2019,6,제주시 동부권역,조천읍,71.0,150600000.0,626750
2019,7,제주시 동부권역,조천읍,71.0,150600000.0,638637
2019,8,제주시 동부권역,조천읍,71.0,150600000.0,776456
2019,9,제주시 동부권역,조천읍,71.0,150600000.0,567851
2019,10,제주시 동부권역,조천읍,71.0,150600000.0,804408
2019,11,제주시 동부권역,조천읍,71.0,150600000.0,665716
2019,12,제주시 동부권역,조천읍,71.0,150600000.0,565835
2020,1,제주시 동부권역,조천읍,71.0,150600000.0,566892
2020,2,제주시 동부권역,조천읍,71.0,150600000.0,872
2020,3,제주시 동부권역,조천읍,71.0,150600000.0,257023
2020,4,제주시 동부권역,조천읍,71.0,150600000.0,262348
2020,5,제주시 동부권역,조천읍,71.0,150600000.0,458706
2020,6,제주시 동부권역,조천읍,71.0,150600000.0,458533
2020,7,제주시 동부권역,조천읍,71.0,150600000.0,564417
2020,8,제주시 동부권역,조천읍,71.0,150600000.0,776800
2020,9,제주시 동부권역,조천읍,71.0,150600000.0,430471
2020,10,제주시 동부권역,조천읍,71.0,150600000.0,681011
2020,11,제주시 동부권역,조천읍,71.0,150600000.0,707541
2020,12,제주시 동부권역,조천읍,71.0,150600000.0,331949
2021,1,제주시 동부권역,조천읍,71.0,150600000.0,278139
2021,2,제주시 동부권역,조천읍,71.0,150600000.0,435314
2021,3,제주시 동부권역,조천읍,71.0,150600000.0,510747
2021,4,제주시 동부권역,조천읍,71.0,150600000.0,679510
2021,5,제주시 동부권역,조천읍,71.0,150600000.0,730375
2021,6,제주시 동부권역,조천읍,71.0,150600000.0,703597
2021,7,제주시 동부권역,조천읍,71.0,150600000.0,718274
2021,8,제주시 동부권역,조천읍,71.0,150600000.0,669310
2021,9,제주시 동부권역,조천읍,71.0,150600000.0,522377
2021,10,제주시 동부권역,조천읍,71.0,150600000.0,801038
2021,11,제주시 동부권역,조천읍,71.0,150600000.0,789390
2021,12,제주시 동부권역,조천읍,71.0,150600000.0,331949
2022,1,제주시 동부권역,조천읍,71.0,150600000.0,746845
2022,2,제주시 동부권역,조천읍,71.0,150600000.0,675528
2022,3,제주시 동부권역,조천읍,71.0,150600000.0,533920
2022,4,제주시 동부권역,조천읍,71.0,150600000.0,730358
2022,5,제주시 동부권역,조천읍,71.0,150600000.0,861762
2022,6,제주시 동부권역,조천읍,71.0,150600000.0,834686
2022,7,제주시 동부권역,조천읍,71.0,150600000.0,810091
2022,8,제주시 동부권역,조천읍,71.0,150600000.0,940108
2022,9,제주시 동부권역,조천읍,71.0,150600000.0,661886
2022,10,제주시 동부권역,조천읍,71.0,150600000.0,959996
2022,11,제주시 동부권역,조천읍,71.0,150600000.0,734315
2019,1,서귀포시 동권역,중문동,13.0,25858253.2,296489
2019,2,서귀포시 동권역,중문동,13.0,25858253.2,260470
2019,3,서귀포시 동권역,중문동,13.0,25858253.2,276192
2019,4,서귀포시 동권역,중문동,13.0,25858253.2,323012
2019,5,서귀포시 동권역,중문동,13.0,25858253.2,399821
2019,6,서귀포시 동권역,중문동,13.0,25858253.2,352930
2019,7,서귀포시 동권역,중문동,13.0,25858253.2,350661
2019,8,서귀포시 동권역,중문동,13.0,25858253.2,440974
2019,9,서귀포시 동권역,중문동,13.0,25858253.2,303482
2019,10,서귀포시 동권역,중문동,13.0,25858253.2,400400
2019,11,서귀포시 동권역,중문동,13.0,25858253.2,281701
2019,12,서귀포시 동권역,중문동,13.0,25858253.2,235363
2020,1,서귀포시 동권역,중문동,13.0,25858253.2,260926
2020,2,서귀포시 동권역,중문동,13.0,25858253.2,1250
2020,3,서귀포시 동권역,중문동,13.0,25858253.2,120970
2020,4,서귀포시 동권역,중문동,13.0,25858253.2,121750
2020,5,서귀포시 동권역,중문동,13.0,25858253.2,212569
2020,6,서귀포시 동권역,중문동,13.0,25858253.2,219600
2020,7,서귀포시 동권역,중문동,13.0,25858253.2,265468
2020,8,서귀포시 동권역,중문동,13.0,25858253.2,366217
2020,9,서귀포시 동권역,중문동,13.0,25858253.2,188595
2020,10,서귀포시 동권역,중문동,13.0,25858253.2,297539
2020,11,서귀포시 동권역,중문동,13.0,25858253.2,316095
2020,12,서귀포시 동권역,중문동,13.0,25858253.2,166845
2021,1,서귀포시 동권역,중문동,13.0,25858253.2,140408
2021,2,서귀포시 동권역,중문동,13.0,25858253.2,210017
2021,3,서귀포시 동권역,중문동,13.0,25858253.2,246555
2021,4,서귀포시 동권역,중문동,13.0,25858253.2,340771
2021,5,서귀포시 동권역,중문동,13.0,25858253.2,378411
2021,6,서귀포시 동권역,중문동,13.0,25858253.2,356507
2021,7,서귀포시 동권역,중문동,13.0,25858253.2,373538
2021,8,서귀포시 동권역,중문동,13.0,25858253.2,360177
2021,9,서귀포시 동권역,중문동,13.0,25858253.2,274992
2021,10,서귀포시 동권역,중문동,13.0,25858253.2,407685
2021,11,서귀포시 동권역,중문동,13.0,25858253.2,406310
2021,12,서귀포시 동권역,중문동,13.0,25858253.2,166845
2022,1,서귀포시 동권역,중문동,13.0,25858253.2,419352
2022,2,서귀포시 동권역,중문동,13.0,25858253.2,358306
2022,3,서귀포시 동권역,중문동,13.0,25858253.2,274730
2022,4,서귀포시 동권역,중문동,13.0,25858253.2,395592
2022,5,서귀포시 동권역,중문동,13.0,25858253.2,455550
2022,6,서귀포시 동권역,중문동,13.0,25858253.2,449715
2022,7,서귀포시 동권역,중문동,13.0,25858253.2,438211
2022,8,서귀포시 동권역,중문동,13.0,25858253.2,501980
2022,9,서귀포시 동권역,중문동,13.0,25858253.2,335431
2022,10,서귀포시 동권역,중문동,13.0,25858253.2,380445
2022,11,서귀포시 동권역,중문동,13.0,25858253.2,286142
2019,1,도서산간,추자면,31.0,7050000.0,38257
2019,2,도서산간,추자면,31.0,7050000.0,33096
2019,3,도서산간,추자면,31.0,7050000.0,46298
2019,4,도서산간,추자면,31.0,7050000.0,45618
2019,5,도서산간,추자면,31.0,7050000.0,40959
2019,6,도서산간,추자면,31.0,7050000.0,29698
2019,7,도서산간,추자면,31.0,7050000.0,38663
2019,8,도서산간,추자면,31.0,7050000.0,54983
2019,9,도서산간,추자면,31.0,7050000.0,32126
2019,10,도서산간,추자면,31.0,7050000.0,45802
2019,11,도서산간,추자면,31.0,7050000.0,44264
2019,12,도서산간,추자면,31.0,7050000.0,47428
2020,1,도서산간,추자면,31.0,7050000.0,46159
2020,2,도서산간,추자면,31.0,7050000.0,120
2020,3,도서산간,추자면,31.0,7050000.0,29060
2020,4,도서산간,추자면,31.0,7050000.0,35121
2020,5,도서산간,추자면,31.0,7050000.0,37918
2020,6,도서산간,추자면,31.0,7050000.0,32223
2020,7,도서산간,추자면,31.0,7050000.0,33655
2020,8,도서산간,추자면,31.0,7050000.0,60315
2020,9,도서산간,추자면,31.0,7050000.0,37404
2020,10,도서산간,추자면,31.0,7050000.0,42357
2020,11,도서산간,추자면,31.0,7050000.0,43092
2020,12,도서산간,추자면,31.0,7050000.0,33187
2021,1,도서산간,추자면,31.0,7050000.0,28675
2021,2,도서산간,추자면,31.0,7050000.0,25034
2021,3,도서산간,추자면,31.0,7050000.0,34074
2021,4,도서산간,추자면,31.0,7050000.0,35318
2021,5,도서산간,추자면,31.0,7050000.0,37897
2021,6,도서산간,추자면,31.0,7050000.0,33433
2021,7,도서산간,추자면,31.0,7050000.0,38827
2021,8,도서산간,추자면,31.0,7050000.0,53108
2021,9,도서산간,추자면,31.0,7050000.0,36971
2021,10,도서산간,추자면,31.0,7050000.0,47743
2021,11,도서산간,추자면,31.0,7050000.0,44047
2021,12,도서산간,추자면,31.0,7050000.0,33187
2022,1,도서산간,추자면,31.0,7050000.0,61153
2022,2,도서산간,추자면,31.0,7050000.0,43207
2022,3,도서산간,추자면,31.0,7050000.0,42151
2022,4,도서산간,추자면,31.0,7050000.0,53260
2022,5,도서산간,추자면,31.0,7050000.0,72020
2022,6,도서산간,추자면,31.0,7050000.0,75856
2022,7,도서산간,추자면,31.0,7050000.0,76411
2022,8,도서산간,추자면,31.0,7050000.0,108214
2022,9,도서산간,추자면,31.0,7050000.0,68996
2022,10,도서산간,추자면,31.0,7050000.0,81707
2022,11,도서산간,추자면,31.0,7050000.0,65279
2019,1,서귀포시 동부권역,표선면,52.0,135160000.0,291898
2019,2,서귀포시 동부권역,표선면,52.0,135160000.0,273658
2019,3,서귀포시 동부권역,표선면,52.0,135160000.0,358265
2019,4,서귀포시 동부권역,표선면,52.0,135160000.0,465741
2019,5,서귀포시 동부권역,표선면,52.0,135160000.0,458273
2019,6,서귀포시 동부권역,표선면,52.0,135160000.0,416969
2019,7,서귀포시 동부권역,표선면,52.0,135160000.0,371826
2019,8,서귀포시 동부권역,표선면,52.0,135160000.0,456433
2019,9,서귀포시 동부권역,표선면,52.0,135160000.0,346367
2019,10,서귀포시 동부권역,표선면,52.0,135160000.0,481482
2019,11,서귀포시 동부권역,표선면,52.0,135160000.0,403187
2019,12,서귀포시 동부권역,표선면,52.0,135160000.0,342199
2020,1,서귀포시 동부권역,표선면,52.0,135160000.0,337496
2020,2,서귀포시 동부권역,표선면,52.0,135160000.0,740
2020,3,서귀포시 동부권역,표선면,52.0,135160000.0,143723
2020,4,서귀포시 동부권역,표선면,52.0,135160000.0,152268
2020,5,서귀포시 동부권역,표선면,52.0,135160000.0,265088
2020,6,서귀포시 동부권역,표선면,52.0,135160000.0,271795
2020,7,서귀포시 동부권역,표선면,52.0,135160000.0,325572
2020,8,서귀포시 동부권역,표선면,52.0,135160000.0,420613
2020,9,서귀포시 동부권역,표선면,52.0,135160000.0,229188
2020,10,서귀포시 동부권역,표선면,52.0,135160000.0,381665
2020,11,서귀포시 동부권역,표선면,52.0,135160000.0,407530
2020,12,서귀포시 동부권역,표선면,52.0,135160000.0,199440
2021,1,서귀포시 동부권역,표선면,52.0,135160000.0,161574
2021,2,서귀포시 동부권역,표선면,52.0,135160000.0,250403
2021,3,서귀포시 동부권역,표선면,52.0,135160000.0,333759
2021,4,서귀포시 동부권역,표선면,52.0,135160000.0,457682
2021,5,서귀포시 동부권역,표선면,52.0,135160000.0,454952
2021,6,서귀포시 동부권역,표선면,52.0,135160000.0,406382
2021,7,서귀포시 동부권역,표선면,52.0,135160000.0,428122
2021,8,서귀포시 동부권역,표선면,52.0,135160000.0,388895
2021,9,서귀포시 동부권역,표선면,52.0,135160000.0,292005
2021,10,서귀포시 동부권역,표선면,52.0,135160000.0,459000
2021,11,서귀포시 동부권역,표선면,52.0,135160000.0,470199
2021,12,서귀포시 동부권역,표선면,52.0,135160000.0,199440
2022,1,서귀포시 동부권역,표선면,52.0,135160000.0,444642
2022,2,서귀포시 동부권역,표선면,52.0,135160000.0,405272
2022,3,서귀포시 동부권역,표선면,52.0,135160000.0,349358
2022,4,서귀포시 동부권역,표선면,52.0,135160000.0,549391
2022,5,서귀포시 동부권역,표선면,52.0,135160000.0,567738
2022,6,서귀포시 동부권역,표선면,52.0,135160000.0,553291
2022,7,서귀포시 동부권역,표선면,52.0,135160000.0,513150
2022,8,서귀포시 동부권역,표선면,52.0,135160000.0,581389
2022,9,서귀포시 동부권역,표선면,52.0,135160000.0,439463
2022,10,서귀포시 동부권역,표선면,52.0,135160000.0,464614
2022,11,서귀포시 동부권역,표선면,52.0,135160000.0,481358
2019,1,제주시 서부권역,한경면,47.0,79100000.0,165550
2019,2,제주시 서부권역,한경면,47.0,79100000.0,145271
2019,3,제주시 서부권역,한경면,47.0,79100000.0,186585
2019,4,제주시 서부권역,한경면,47.0,79100000.0,227864
2019,5,제주시 서부권역,한경면,47.0,79100000.0,231959
2019,6,제주시 서부권역,한경면,47.0,79100000.0,214142
2019,7,제주시 서부권역,한경면,47.0,79100000.0,221115
2019,8,제주시 서부권역,한경면,47.0,79100000.0,283041
2019,9,제주시 서부권역,한경면,47.0,79100000.0,195455
2019,10,제주시 서부권역,한경면,47.0,79100000.0,250756
2019,11,제주시 서부권역,한경면,47.0,79100000.0,197979
2019,12,제주시 서부권역,한경면,47.0,79100000.0,174048
2020,1,제주시 서부권역,한경면,47.0,79100000.0,176047
2020,2,제주시 서부권역,한경면,47.0,79100000.0,1059
2020,3,제주시 서부권역,한경면,47.0,79100000.0,94150
2020,4,제주시 서부권역,한경면,47.0,79100000.0,103141
2020,5,제주시 서부권역,한경면,47.0,79100000.0,179857
2020,6,제주시 서부권역,한경면,47.0,79100000.0,187518
2020,7,제주시 서부권역,한경면,47.0,79100000.0,216928
2020,8,제주시 서부권역,한경면,47.0,79100000.0,311466
2020,9,제주시 서부권역,한경면,47.0,79100000.0,174394
2020,10,제주시 서부권역,한경면,47.0,79100000.0,251780
2020,11,제주시 서부권역,한경면,47.0,79100000.0,251099
2020,12,제주시 서부권역,한경면,47.0,79100000.0,131088
2021,1,제주시 서부권역,한경면,47.0,79100000.0,107564
2021,2,제주시 서부권역,한경면,47.0,79100000.0,162951
2021,3,제주시 서부권역,한경면,47.0,79100000.0,197772
2021,4,제주시 서부권역,한경면,47.0,79100000.0,274748
2021,5,제주시 서부권역,한경면,47.0,79100000.0,305539
2021,6,제주시 서부권역,한경면,47.0,79100000.0,290934
2021,7,제주시 서부권역,한경면,47.0,79100000.0,320755
2021,8,제주시 서부권역,한경면,47.0,79100000.0,326085
2021,9,제주시 서부권역,한경면,47.0,79100000.0,234428
2021,10,제주시 서부권역,한경면,47.0,79100000.0,333265
2021,11,제주시 서부권역,한경면,47.0,79100000.0,328821
2021,12,제주시 서부권역,한경면,47.0,79100000.0,131088
2022,1,제주시 서부권역,한경면,47.0,79100000.0,330163
2022,2,제주시 서부권역,한경면,47.0,79100000.0,309408
2022,3,제주시 서부권역,한경면,47.0,79100000.0,247088
2022,4,제주시 서부권역,한경면,47.0,79100000.0,321015
2022,5,제주시 서부권역,한경면,47.0,79100000.0,363213
2022,6,제주시 서부권역,한경면,47.0,79100000.0,376673
2022,7,제주시 서부권역,한경면,47.0,79100000.0,362597
2022,8,제주시 서부권역,한경면,47.0,79100000.0,453147
2022,9,제주시 서부권역,한경면,47.0,79100000.0,297767
2022,10,제주시 서부권역,한경면,47.0,79100000.0,388665
2022,11,제주시 서부권역,한경면,47.0,79100000.0,276704
2019,1,제주시 서부권역,한림읍,64.0,91090000.0,340362
2019,2,제주시 서부권역,한림읍,64.0,91090000.0,326548
2019,3,제주시 서부권역,한림읍,64.0,91090000.0,364498
2019,4,제주시 서부권역,한림읍,64.0,91090000.0,433707
2019,5,제주시 서부권역,한림읍,64.0,91090000.0,480002
2019,6,제주시 서부권역,한림읍,64.0,91090000.0,480513
2019,7,제주시 서부권역,한림읍,64.0,91090000.0,538675
2019,8,제주시 서부권역,한림읍,64.0,91090000.0,674888
2019,9,제주시 서부권역,한림읍,64.0,91090000.0,418277
2019,10,제주시 서부권역,한림읍,64.0,91090000.0,499353
2019,11,제주시 서부권역,한림읍,64.0,91090000.0,398810
2019,12,제주시 서부권역,한림읍,64.0,91090000.0,380678
2020,1,제주시 서부권역,한림읍,64.0,91090000.0,408817
2020,2,제주시 서부권역,한림읍,64.0,91090000.0,1515
2020,3,제주시 서부권역,한림읍,64.0,91090000.0,233113
2020,4,제주시 서부권역,한림읍,64.0,91090000.0,232104
2020,5,제주시 서부권역,한림읍,64.0,91090000.0,402649
2020,6,제주시 서부권역,한림읍,64.0,91090000.0,422955
2020,7,제주시 서부권역,한림읍,64.0,91090000.0,509821
2020,8,제주시 서부권역,한림읍,64.0,91090000.0,726495
2020,9,제주시 서부권역,한림읍,64.0,91090000.0,398878
2020,10,제주시 서부권역,한림읍,64.0,91090000.0,532551
2020,11,제주시 서부권역,한림읍,64.0,91090000.0,518469
2020,12,제주시 서부권역,한림읍,64.0,91090000.0,293807
2021,1,제주시 서부권역,한림읍,64.0,91090000.0,245540
2021,2,제주시 서부권역,한림읍,64.0,91090000.0,393821
2021,3,제주시 서부권역,한림읍,64.0,91090000.0,451208
2021,4,제주시 서부권역,한림읍,64.0,91090000.0,616059
2021,5,제주시 서부권역,한림읍,64.0,91090000.0,702164
2021,6,제주시 서부권역,한림읍,64.0,91090000.0,698522
2021,7,제주시 서부권역,한림읍,64.0,91090000.0,761896
2021,8,제주시 서부권역,한림읍,64.0,91090000.0,732001
2021,9,제주시 서부권역,한림읍,64.0,91090000.0,517264
2021,10,제주시 서부권역,한림읍,64.0,91090000.0,698064
2021,11,제주시 서부권역,한림읍,64.0,91090000.0,619909
2021,12,제주시 서부권역,한림읍,64.0,91090000.0,293807
2022,1,제주시 서부권역,한림읍,64.0,91090000.0,677661
2022,2,제주시 서부권역,한림읍,64.0,91090000.0,631831
2022,3,제주시 서부권역,한림읍,64.0,91090000.0,466556
2022,4,제주시 서부권역,한림읍,64.0,91090000.0,615909
2022,5,제주시 서부권역,한림읍,64.0,91090000.0,735140
2022,6,제주시 서부권역,한림읍,64.0,91090000.0,756002
2022,7,제주시 서부권역,한림읍,64.0,91090000.0,794794
2022,8,제주시 서부권역,한림읍,64.0,91090000.0,937798
2022,9,제주시 서부권역,한림읍,64.0,91090000.0,550934
2022,10,제주시 서부권역,한림읍,64.0,91090000.0,688258
2022,11,제주시 서부권역,한림읍,64.0,91090000.0,493828
